shopid,shopname,lat,lng,cateid,catename
16458740,平价超市（木樨园店）,39.8573186004134,116.389081816052,100970,商超生鲜
73429509,丽芝阳光鲜花坊,39.8596476272067,116.392209335023,101346,鲜花蛋糕
79705038,美味水果千层蛋糕,39.9255334111068,116.325733836117,101276,甜点饮品
79562608,彩虹坊蛋糕,39.9943337830108,116.404177376771,101276,甜点饮品
57481228,伊诺鲜花馆,39.8263158738902,116.318283446219,101346,鲜花蛋糕
58685726,海鲜兄弟美食汇,40.0460991007978,116.403510411437,101327,烧烤炸鸡
76676031,小龚香磨五谷膳食坊,39.8910373797075,116.467715266317,100970,商超生鲜
3641590,颐春堂（青年路店）,39.927065630757,116.510221450036,101276,甜点饮品
25042206,康源超市,39.8961081171379,116.457662132112,100970,商超生鲜
90088173,羊先生烧烤城（西直门店）,39.9541607850505,116.350420705161,101327,烧烤炸鸡
68127678,花畦苗铺鲜花,39.8273372151755,116.354780657451,101346,鲜花蛋糕
24958437,小贤家千层榴莲蛋糕,40.0551909804391,116.40699528124,101276,甜点饮品
59061894,爱丽莎酒庄（百子湾店）,39.9021380330572,116.485316075752,101276,甜点饮品
5149840,安顺成蔬菜水果,39.874101737374,116.341862290546,100970,商超生鲜
76985470,生鲜果蔬超市（石榴庄店）,39.8456502127742,116.41294206857,100970,商超生鲜
76741495,国米水果店,39.9316667547849,116.409436908303,100970,商超生鲜
90040117,幸福鸟烘焙店,39.9567801049992,116.35268306944,101276,甜点饮品
27471140,拾花记,39.9490596978413,116.430815982363,101346,鲜花蛋糕
76847602,南粤大地水果批发,39.8105644514236,116.335367472964,100970,商超生鲜
3215671,ebeecake小蜜蜂蛋糕,39.9849516864495,116.485654050921,101276,甜点饮品
22980860,丰四水果,39.8541315515261,116.27753490811,100970,商超生鲜
45586126,茶多美茗茶,39.8215222857502,116.333011555545,100970,商超生鲜
66902078,大运通力超市,39.890757060534,116.350662298027,100970,商超生鲜
72448920,北京溢香酒业,39.8749729820554,116.459615046736,100970,商超生鲜
68246752,丰四水果（中关村店）,39.9785156388731,116.315132458877,100970,商超生鲜
90420079,珍品汇海鲜（芍药居店）,39.987031719156,116.42551129944,100970,商超生鲜
69516957,绿色食材,39.8735245494697,116.355418655465,100970,商超生鲜
79560193,华都分割鸡蔬菜店（石榴园店）,39.8458300703752,116.412763865486,100970,商超生鲜
18693142,辣私房（小龙虾海鲜外卖）,39.9195846795927,116.426472552255,101327,烧烤炸鸡
77491601,花美丽鲜花,39.828607500146,116.348221947708,101346,鲜花蛋糕
79273405,IF品牌鲜花馆,40.0360487926966,116.303419928382,101346,鲜花蛋糕
68929444,九州达隆蔬菜水果,39.9017382521424,116.342527379007,100970,商超生鲜
66401182,百果园水果批发（八里桥）,39.9121081676957,116.634443647858,100970,商超生鲜
19801024,维思客蛋糕（五店）,39.8781665341402,116.318451544585,101276,甜点饮品
80993192,利丰水果经销部,39.9124261055071,116.633821036366,100970,商超生鲜
69691581,欧麦面包坊,39.9914330622787,116.359230071783,101276,甜点饮品
26211834,先花店(北京东城区分店),39.9576409465232,116.417543103202,101346,鲜花蛋糕
63051702,CFB炸鸡啤酒（亚运村店）,39.9912662803286,116.409279171937,101327,烧烤炸鸡
76986553,鲜肉蔬菜店（石榴园店）,39.8456364076499,116.413201335775,100970,商超生鲜
50684833,食牛族私房牛肉外卖,39.9805629305219,116.41519533358,101327,烧烤炸鸡
66151745,幸福西饼蛋糕（朝阳店）同城配送,39.8703864088188,116.575765449698,101276,甜点饮品
57017800,志慧友水果超市,39.9476881069014,116.326470341914,100970,商超生鲜
18215555,味美思蛋糕店,39.8842774897153,116.296407186314,101276,甜点饮品
67190454,秋之意寿司三文鱼,40.0456992242887,116.403821616447,100321,异国料理
90336657,花为美鲜花（北京花洋旗舰店）,39.9168391380905,116.555691831843,101346,鲜花蛋糕
69796903,与Ta时光,39.8974873973234,116.452786906196,101276,甜点饮品
32316403,念客misscake蛋糕,39.9345464487597,116.449074375506,101276,甜点饮品
72346324,幸福花艺花店,39.8931128593846,116.303447849879,101346,鲜花蛋糕
66647745,果之缘,39.8779813308905,116.279121823792,100970,商超生鲜
73396313,麻辣8号（麻辣香锅小龙虾）,39.8939145317168,116.489406556093,101303,无辣不欢
80988705,幸福e站鲜花店,39.9723124372036,116.483360992968,101346,鲜花蛋糕
90093489,法兰西蛋糕烘焙,39.9626831267017,116.416877622473,101276,甜点饮品
69923290,昨昔雨参鸡汤,39.91480552198,116.490381663957,100321,异国料理
67842221,鲜花,39.9271681658694,116.314358686895,101346,鲜花蛋糕
71401184,酒汇千家,39.8928026905256,116.500181484335,100970,商超生鲜
65731499,kiss千层榴莲蛋糕,39.8399346180671,116.501231939718,101276,甜点饮品
67974997,酒小二,40.0864099722365,116.337246318543,100970,商超生鲜
67571798,营养鲜果庄园（明光村店）,39.956961484982,116.343380571451,100970,商超生鲜
66058752,清碧源（景田专卖店）,39.7950504811127,116.479509660445,100970,商超生鲜
90961283,一家花店（北京店）,39.9697537453537,116.433278425786,101346,鲜花蛋糕
69820706,果农的儿子,39.9185163900125,116.411192109932,100970,商超生鲜
90335932,一品鲜果切,39.8842704550009,116.433981768647,100970,商超生鲜
66058505,花朵美花艺旗舰店,39.8288156294931,116.351217086862,101346,鲜花蛋糕
22581221,25小时鲜花店（总部）,39.9176324426036,116.43113160342,101346,鲜花蛋糕
32672672,千寻鲜花,39.8281140354985,116.354865406296,101346,鲜花蛋糕
79232988,彩虹水果批发,39.9123193775066,116.63430095031,100970,商超生鲜
75114021,猫小院猫主题餐厅（外卖中心）,39.939909221056,116.387650320991,101276,甜点饮品
90459217,沙家辣鸭脖（立水桥店）,40.0461909819923,116.397578513708,101327,烧烤炸鸡
48149556,珍爱鲜花旗舰店,39.7622024233996,116.330189218085,101346,鲜花蛋糕
67868569,天意尚品鲜花,39.927772901238,116.412478159641,101346,鲜花蛋糕
76934314,蚝鲜生烧烤海鲜夜宵,39.9437410594409,116.298108402904,101327,烧烤炸鸡
81868328,虾蛙诱惑,40.0282308115043,116.43045919944,101327,烧烤炸鸡
58085443,烧烤盛宴,39.8496148344519,116.37234365997,101327,烧烤炸鸡
90649507,乐味乐道千层蛋糕,39.8258340428982,116.279639573253,101276,甜点饮品
66278375,文华盛（怡宝专卖店）,39.7943912611136,116.480448220633,100970,商超生鲜
80990115,芬芳水果精品批发,39.9112361683953,116.63446769909,100970,商超生鲜
65678120,鑫美月鲜花店,39.8326010336079,116.36024861272,101346,鲜花蛋糕
77281906,闽鲜行挪威三文鱼,40.0201713601991,116.454933963888,101327,烧烤炸鸡
27524412,照相鲜花,39.8855411346473,116.310577389706,101346,鲜花蛋糕
90020157,夏小妹榴莲千层盒子,39.8641024883481,116.446690579271,101276,甜点饮品
67959237,AJ麻辣海鲜订制,39.9918301730991,116.332337347747,101327,烧烤炸鸡
76988484,果鲜世界,39.9138526409057,116.632088764512,100970,商超生鲜
67409830,焙多芬手感烘焙工坊,39.8748379174615,116.441767223734,101276,甜点饮品
79603001,寿司工匠,39.9186853757651,116.426216215448,100321,异国料理
67674928,Hello office,40.0160104365909,116.365862715017,101276,甜点饮品
79275663,九州建华花卉,39.8250838000936,116.320447645235,101346,鲜花蛋糕
69678492,簋街龙虾庄(总店),39.939700889114,116.411721905435,101327,烧烤炸鸡
90716399,龙虾阁（双安店）,39.9655061349103,116.320365141043,101327,烧烤炸鸡
83470356,鲜花水果,39.9206846605957,116.317904440728,101346,鲜花蛋糕
58744072,农夫果院水果超市（一分店）,39.877772589504,116.278923120196,100970,商超生鲜
67152499,麻辣海鲜,40.0713240605964,116.429550922756,101327,烧烤炸鸡
69664087,信诺慕斯乳酪蛋糕,39.9685490574099,116.412161648785,101276,甜点饮品
48007746,云龙麻辣香锅,39.9678531723825,116.328632827324,101303,无辣不欢
67642934,燕澜坞•鲜炖燕窝,39.9504081182861,116.469992818037,101276,甜点饮品
21968140,御喜玛蛋糕（北京总店）,39.9296468862472,116.361188767316,101276,甜点饮品
65734142,榴皇叔榴莲甜点,39.8448739482793,116.413845108072,101276,甜点饮品
90017266,绿萝卜蛋糕坊（蓟门桥店）,39.9694353591613,116.346665203138,101276,甜点饮品
90089612,热蟹沸腾,40.0460991007978,116.403510411437,101327,烧烤炸鸡
76085875,鲜花礼品店,39.9333116921077,116.3404009154,101346,鲜花蛋糕
69094878,云超市（哈哈镜）,39.8878334770541,116.474906247436,100970,商超生鲜
90336859,果缤纷鲜果切,39.9840840749035,116.333093621809,100970,商超生鲜
74576980,壹柒壹3,39.8021404016365,116.496233756072,100970,商超生鲜
3533512,金链花泰国餐厅,39.9292494993725,116.43803823012,100321,异国料理
21165654,熙贝蛋糕,40.0523109118031,116.40397984892,101276,甜点饮品
79270262,爱蒂宝（APM店）,39.9133256441455,116.405718590861,101276,甜点饮品
26915971,馋嘴猫零食坊,39.8766903443579,116.272462266216,100970,商超生鲜
76085710,嘉禾圣鑫冻品,39.849879139937,116.333059682692,100970,商超生鲜
79666067,老胡海鲜宵夜,39.9647731865999,116.267410153371,101327,烧烤炸鸡
77263295,果农的儿子（品质水果店）,39.9784771943917,116.49682321223,100970,商超生鲜
69412191,维纳斯鲜花（北京朝阳1店）,39.9185439258178,116.597994581899,101346,鲜花蛋糕
69412195,维纳斯鲜花（北京丰台1店）,39.8718086402515,116.44256764604,101346,鲜花蛋糕
69412211,维纳斯鲜花（北京海淀店）,40.0259782690895,116.280485425781,101346,鲜花蛋糕
77589628,一品海鲜汇,39.8536548872378,116.466822847666,101327,烧烤炸鸡
69412215,维纳斯鲜花（北京朝阳店）,39.9390036925874,116.516777319606,101346,鲜花蛋糕
90922148,哈哈镜超市,39.8976718272404,116.454677617844,100970,商超生鲜
27128820,诺巴克蛋糕,39.8926452320691,116.440292292768,101276,甜点饮品
50472625,星期六烘焙,40.0865951036198,116.337167469168,101276,甜点饮品
38322451,哈哈镜（宣武门店）,39.8975792593895,116.356872038916,101327,烧烤炸鸡
83495159,城川居爱尚虾友记,39.9554169312778,116.352188171819,101327,烧烤炸鸡
69285211,恋人花坊（仟百意）,39.9779185164746,116.372934639348,101346,鲜花蛋糕
58964848,麦卡琪蛋糕店,39.9265714940386,116.277215296909,101276,甜点饮品
11265536,彩虹鲜花,39.9224012262779,116.278401259146,101346,鲜花蛋糕
20900848,鲍师傅糕点（安定门店）,39.9441451008071,116.401828720377,101276,甜点饮品
75193499,佳佳蛋糕（全城配送店）,39.8815789264436,116.273306629498,101276,甜点饮品
45301812,挪威三文鱼刺身专卖,40.0075091119626,116.456255670526,101327,烧烤炸鸡
56852130,烧烤家宴,39.9343357381424,116.409590694788,101327,烧烤炸鸡
69139861,淘虾记,39.9393114208558,116.411002286523,101327,烧烤炸鸡
65714160,哈哈镜便利店,39.8822093181496,116.33525467998,100970,商超生鲜
77349456,果蔬鲜超市(大红门店),39.830110409087,116.400405747185,100970,商超生鲜
90009375,不打烊私房蛋糕,39.8531232154765,116.428179068031,101276,甜点饮品
67054319,龙虾帝国(北京店),40.3327756383617,116.638155896157,101327,烧烤炸鸡
69721145,蔬菜果园,39.8909276012043,116.349087340895,100970,商超生鲜
19119447,麻辣村香锅烤鱼（广渠门店）,39.8893976944361,116.433049131309,101303,无辣不欢
69735309,东环物语,39.9350188728219,116.429894949158,101276,甜点饮品
15180187,尊享宜购生活超市,39.8332962369386,116.360065821649,100970,商超生鲜
14178938,诺心LECAKE(北京),39.9049368769387,116.453135014636,101276,甜点饮品
76942734,蓬莱小海鲜,40.0377126246941,116.423283141306,101327,烧烤炸鸡
71015990,花之恋鲜花（鲁港店）,31.3154925454928,118.365170876553,101346,鲜花蛋糕
58668826,烧烤诱惑,39.8651400568258,116.398414791356,101327,烧烤炸鸡
59399020,BBQ烧烤吧,39.9285792840797,116.41304362691,101327,烧烤炸鸡
79259271,鲜花绿植,39.8776117003842,116.31048259548,101346,鲜花蛋糕
82686655,万佳鲜花（各庄店）,40.1317253271767,117.123827055201,101346,鲜花蛋糕
67855255,村上一屋日料寿司（棕榈泉店）,39.9311850565892,116.472579435255,100321,异国料理
45589473,八喜冰淇淋蛋糕（西马场路店）,39.8398403069318,116.379687797491,101276,甜点饮品
57566646,韵味多千层蛋糕,39.9176079262525,116.444744562622,101276,甜点饮品
77595571,金麦香蛋糕,39.9604053903084,116.369767619161,101276,甜点饮品
22245324,小贤家榴莲蛋糕（双井店）,39.8991589292325,116.456000522043,101276,甜点饮品
57567064,乐哈哈超市,39.9545131099519,116.344808904952,100970,商超生鲜
77608089,绿萝卜蛋糕坊（酒仙桥店）,39.9695918004329,116.481056708881,101276,甜点饮品
67244554,花火鲜花（新港花店）,22.5377258986985,114.048352126524,101346,鲜花蛋糕
58786706,哈哈镜,39.8824559881433,116.375758863383,101327,烧烤炸鸡
58786706,哈哈镜（陶然亭店）,39.8824559881433,116.375758863383,101327,烧烤炸鸡
65735081,榴莲蛋糕（榴莲哥榴莲主题店）,39.9745666542215,116.372932070691,101276,甜点饮品
69264049,花之恋鲜花（总部店）,39.8153981496498,116.261637956635,101346,鲜花蛋糕
77456418,云膳麻辣（小龙虾外卖）,39.8902996756327,116.378188619441,101327,烧烤炸鸡
79610755,旺季▪现配茶健康调理中心,39.9206021095254,116.561244886934,100970,商超生鲜
22246291,7cake榴莲千层蛋糕,39.9558387689449,116.455652306052,101276,甜点饮品
59296567,新利来蛋糕鲜花坊,39.9008428735922,116.494656610677,101276,甜点饮品
69562621,四季甜品（总店）,39.9260779195285,116.410950926612,101276,甜点饮品
67628553,麻小辣麻辣香锅小龙虾,39.8995903851522,116.480281544018,101303,无辣不欢
76989510,新颖鲜花（东高地店）,39.8040648305718,116.405621422736,101346,鲜花蛋糕
90592062,甜蜜蜜蛋糕坊,40.0160984165464,116.368020616894,101276,甜点饮品
90398363,伊米甜品（角门店）,39.8440345750522,116.360056474627,101276,甜点饮品
45436881,花佰堂（西坝河店）,39.9682730802013,116.432828664184,101346,鲜花蛋糕
69109703,花果园（水果切）,39.9378755637358,116.309671811829,100970,商超生鲜
70599179,琪乐时尚蛋糕西点,39.8678177104062,116.452301186054,101276,甜点饮品
54057822,嘉食和（全球精选美食商城）,39.8938035178387,116.459390959942,100970,商超生鲜
67740061,一锅海鲜（北京）,39.9804496656348,116.300959043962,101327,烧烤炸鸡
79615948,e果e家五棵松店,39.8894779395017,116.251187358031,100970,商超生鲜
18720323,淘虾记（小龙虾·烧烤·海鲜）,39.8846659993055,116.442565017106,101327,烧烤炸鸡
81000682,御品轩地瓜坊(西直门店),39.9374662757049,116.354375407157,100970,商超生鲜
69819107,芭特轻奢千层蛋糕,39.9998605458872,116.345811069989,101276,甜点饮品
48578239,清碧源水站,39.7501050245127,116.540927838787,100970,商超生鲜
82687064,万佳鲜花（惠新店）,40.1702324744843,116.43878934162,101346,鲜花蛋糕
66903936,麦田坊蛋糕,40.0818215918558,116.337082266789,101276,甜点饮品
90376122,蜀留香小龙虾海鲜（西城区店）,39.9057523363758,116.566593195194,101327,烧烤炸鸡
71005312,Funxin,39.9588489340362,116.273963247237,101327,烧烤炸鸡
79256672,望京小腰烤吧（安定门店）,39.9461157285091,116.400450986393,101327,烧烤炸鸡
5239674,香口鱼(簋街红鬼龙虾),39.9399505806565,116.420444297268,101303,无辣不欢
23505524,芊艺鲜花绿植,39.9753280915753,116.422158339651,101346,鲜花蛋糕
2758486,簋街仔仔·小龙虾外卖（北京店）,39.9397674297059,116.417308081645,101327,烧烤炸鸡
69711945,美蛙（望京店）,40.0075100128137,116.45662683489,101303,无辣不欢
76910376,粮便利,39.9315102136653,116.288360939248,100970,商超生鲜
75636302,喜豆·面包房（蛋糕、西点）,39.9315884123708,116.270711181384,101276,甜点饮品
57426036,哈哈镜超市（广安门店）,39.8902138007401,116.350217226307,100970,商超生鲜
79281142,唯忆永生花专卖店,39.9000045727169,116.484450081165,101346,鲜花蛋糕
23673814,壳儿,39.9351823186141,116.439164163298,101327,烧烤炸鸡
18322274,古早味(东城店),39.9362386044987,116.402555026825,101276,甜点饮品
67230954,营养果园时尚鲜花,39.9405478783873,116.36819816831,100970,商超生鲜
83548959,绿萝卜蛋糕坊,39.9572788175,116.340355969798,101276,甜点饮品
79272821,电果网（小红门店）,39.8288554276183,116.466455678506,100970,商超生鲜
69659558,澳洲生活汇超市,39.9266742503548,116.610096198233,100970,商超生鲜
9014473,凯吉利蛋糕,40.0182261333524,116.344983432709,101276,甜点饮品
81763961,果香情浓鲜果批发配送中心,39.9122671214272,116.633815069421,100970,商超生鲜
66916113,纯粹味觉蛋糕店,39.8951202076654,116.299616702774,101276,甜点饮品
69664305,凯吉利鲜花,40.0183999422246,116.345090189943,101346,鲜花蛋糕
58738754,冬乐秀水果店,39.9379196483442,116.378179553988,100970,商超生鲜
9013036,味香多西饼店,39.874319549534,116.361808828416,101276,甜点饮品
4518383,恒美轩烧烤涮（总店）,39.9483926618201,116.388271006299,101327,烧烤炸鸡
73619364,品客千层蛋糕,39.8863202205193,116.316319383197,101276,甜点饮品
90038671,果润生鲜（石榴庄店）,39.8456394097351,116.413204338491,100970,商超生鲜
23625245,十足目龙虾馆 总店,39.89839467241,116.480361991744,101327,烧烤炸鸡
21973145,南双北酪奶酪甜品店,39.9442779497996,116.410578273037,101276,甜点饮品
23659594,炸鸡情侣（来自星星的炸鸡）,39.95277385097,116.311338240998,101327,烧烤炸鸡
2358520,味多美（蛋糕店）,39.9395658855969,116.444670590963,101276,甜点饮品
90571930,韩涵婚礼花艺,39.8250868750766,116.320450522031,101346,鲜花蛋糕
77456017,石榴园便利超市,39.8427366696463,116.411943451461,100970,商超生鲜
74553783,味品客蛋糕房,39.9480182525644,116.326387490577,101276,甜点饮品
24772147,园丁精品鲜花店,39.926346132995,116.403005488181,101346,鲜花蛋糕
24306542,武汉黑鸭,39.8982329025053,116.501685462956,101327,烧烤炸鸡
69061150,花仙搁花艺旗舰店,39.8281152720921,116.353394089034,101346,鲜花蛋糕
90039637,青春蛋糕店,39.9449255740265,116.399140778541,101276,甜点饮品
83529666,果意尚品水果批发配送,39.9122672411912,116.633736249171,100970,商超生鲜
90999454,御喜玛蛋糕店,39.8833375381818,116.315180344199,101276,甜点饮品
69924566,花生活鲜花店,40.1948421819385,116.22060846559,101346,鲜花蛋糕
67507324,花之恋鲜花（小薇花艺）,39.57090962489,116.730983370364,101346,鲜花蛋糕
69721539,娃哈哈桶装水授权店,39.9328806684786,116.412441472491,100970,商超生鲜
72452671,电果网（北京总店次日达）,39.8135295085749,116.336842829579,100970,商超生鲜
45409775,阳光乐购进口食品店,39.8879957846862,116.459787974365,100970,商超生鲜
90339515,红螺坊（麻辣小龙虾海鲜）,39.8900073319138,116.459246971178,101327,烧烤炸鸡
48035925,果为鲜水果超市（丰台店）,39.8769471669862,116.27510910653,100970,商超生鲜
77456385,果为鲜水果超市（海淀店）,39.9897637947349,116.363249897255,100970,商超生鲜
74630745,6+1 DIY 蛋糕店,40.1009135425315,116.373205572107,101276,甜点饮品
90375220,鲜壹号生鲜,39.8910580048823,116.467206499178,100970,商超生鲜
75089511,奶油小森（大望路店）,39.9302055602546,116.457616702848,101276,甜点饮品
19275264,聚鲜珍品·海鲜·小龙虾外卖（回龙观店）,40.0815778794667,116.333696858905,101327,烧烤炸鸡
90479815,望京小腰（南锣鼓巷店）,39.9322612876187,116.392116093081,101327,烧烤炸鸡
59402752,花秀花香鲜花店,39.8816951720385,116.358151859624,101276,甜点饮品
32344605,琦料理,39.9287768796336,116.495387928082,100321,异国料理
24594806,小怪兽甜点,39.8715878026717,116.324206156589,101276,甜点饮品
27227818,榴莲哥蛋糕（大钟寺店）,39.9829793961585,116.319342281719,101276,甜点饮品
69094451,斯蒂温花艺（北京总店）,40.1966643868207,116.222440758258,101346,鲜花蛋糕
79665026,爱丽缘鲜花水果店（鼓楼店）,39.9318815224268,116.377357053983,101346,鲜花蛋糕
76761325,北京御花园鲜花,39.9826114354103,116.308240320758,101346,鲜花蛋糕
74570687,蟹鲜生阳澄湖大闸蟹,39.9393862019489,116.372773740694,101327,烧烤炸鸡
79257287,村上一屋日料寿司（三里屯店）,39.9333141198008,116.447053853896,100321,异国料理
17105567,冶金超市,40.0389823309441,116.346024643873,100970,商超生鲜
73566464,袁梦鲜花店,39.8799752791264,116.461406272975,101346,鲜花蛋糕
59256846,北京王永军水店（全程配送）,39.9355577490343,116.407895215812,100970,商超生鲜
49130687,鲜果味（安定门店）,39.9443011022263,116.401859712542,100970,商超生鲜
90421508,鲜果多（鲜切水果）,39.8456434079849,116.413202335918,100970,商超生鲜
76761326,烧烤诱惑,39.9826080778288,116.37114310282,101327,烧烤炸鸡
514239,金簋小山城（簋街总店）,39.9397401512141,116.412100263713,101327,烧烤炸鸡
76660897,源香花坊（海淀店）,39.9441356127933,116.297774014517,101346,鲜花蛋糕
67405206,川娃子江湖菜,40.0282878237702,116.430469212003,101303,无辣不欢
2519461,欧麦甜品烘焙,39.9598978817776,116.30956826715,101276,甜点饮品
37783052,英凯超花艺&鲜花,39.9038370394202,116.3414623762,101346,鲜花蛋糕
67511971,幺米寿司·三文鱼,39.8970067762159,116.416827922312,100321,异国料理
90029320,乐百氏水便利(桶装水),39.9120417170485,116.189634249306,100970,商超生鲜
67404751,领鲜·挪威三文鱼,40.0282878237702,116.430469212003,100321,异国料理
81000462,馨香苑鲜花,39.8287631137201,116.353468869052,101346,鲜花蛋糕
80528850,品一鲜果园批发（八里桥店）,39.9128082905053,116.633025793919,100970,商超生鲜
66761025,AJ清真烧烤,39.8934246523898,116.49849605638,101327,烧烤炸鸡
5541013,蛙蛙叫干锅年代（总店）,39.939179549694,116.411189474418,101303,无辣不欢
32675811,美蛙私厨（立水桥店）,40.0440074195967,116.408591877686,101303,无辣不欢
90996306,CoCo蛋糕房,39.9069976367692,116.291360764038,101276,甜点饮品
67801058,哈哈镜木樨地店,39.9025050433182,116.334357118915,101327,烧烤炸鸡
38108752,状元阁鲜花,39.9575885175602,116.286033641673,101346,鲜花蛋糕
90570160,猫山兄弟（榴莲·果切）,39.8976032661022,116.479520968881,100970,商超生鲜
90505147,星期八鲜花,39.9364728533765,116.182120649984,101346,鲜花蛋糕
66829820,二哥烤羊腿,39.9468104417929,116.398632424119,101327,烧烤炸鸡
63168462,美之味西点蛋糕,39.8998260623288,116.522946086601,101276,甜点饮品
79368075,美蛙（朝阳门店）,39.9168285014708,116.437195834605,101303,无辣不欢
66321234,春城花店,39.9018765229905,116.656310337795,101346,鲜花蛋糕
68062291,欲念情趣生活超市（大悦城旗舰店）,39.9222555607163,116.506336818056,100970,商超生鲜
67407310,小田水产海鲜行,40.046099101118,116.403511411922,101327,烧烤炸鸡
23626323,靖天酒业,40.0459630395382,116.322160817037,100970,商超生鲜
14922496,建发烟酒超市,39.9272255426458,116.435745209671,100970,商超生鲜
69123490,有虾有蟹,39.8761059501589,116.667176726926,101327,烧烤炸鸡
80530350,望京小腰（知春路店）,39.9720308983475,116.315658084235,101327,烧烤炸鸡
90020922,鸿福新宇生活超市(西四店),39.921520491134,116.371178859795,100970,商超生鲜
8817096,花果山农水果超市,39.8945091911379,116.346822404541,100970,商超生鲜
24508417,REGGAE精酿啤酒,39.9263428931694,116.405201624431,101276,甜点饮品
80827999,果腿儿鲜果切,39.9148982550718,116.48625302474,100970,商超生鲜
69282095,哈哈镜（长椿街店）,39.8960446427746,116.357347411164,101327,烧烤炸鸡
73601146,Masternest,39.8779266120101,116.322578102978,101276,甜点饮品
70517042,果好味（西四店）,39.9206835244251,116.36745069674,100970,商超生鲜
69002218,卿味寿司（尚品店）,39.9388749303978,116.386005163226,100321,异国料理
58477186,叶小叶,39.9250724295057,116.593781845207,100970,商超生鲜
90604518,花里花外创意花店,39.8273376146336,116.293438923311,101346,鲜花蛋糕
59441940,伊帆花艺（鲜花速递）,38.0153923799751,114.534517817732,101346,鲜花蛋糕
24972102,八喜冰淇淋蛋糕（工厂店）,40.1329660828885,116.580326135036,101276,甜点饮品
2067742,丰润雅苑辣到家,39.9287889973854,116.405702609878,101327,烧烤炸鸡
59441486,老黄牛好果蔬(长楹天街店),39.9233623811291,116.594812644102,100970,商超生鲜
22307481,美味可口蛋糕,39.9639410565877,116.391978066929,101276,甜点饮品
18340543,簋街麻辣小龙虾（24h外卖）,39.9398917061318,116.420558469379,101327,烧烤炸鸡
80530067,京通水果之家鲜果配送中心,39.9128074730473,116.6329040683,100970,商超生鲜
76899449,T6火锅（回龙观店）,40.0674697500782,116.307418397695,101303,无辣不欢
69806822,七鲜花旗舰店,39.9575676028446,116.286030549308,101346,鲜花蛋糕
67389262,蜀留香小龙虾海鲜(管庄店),39.9453792591625,116.583561054102,101327,烧烤炸鸡
67388936,蜀留香小龙虾海鲜(朝阳店),39.9849037115513,116.474327512977,101327,烧烤炸鸡
67390156,蜀留香小龙虾海鲜(西城区店),39.846320567741,116.307708607708,101327,烧烤炸鸡
67389412,蜀留香小龙虾海鲜((丰台店),39.8072943140804,116.191284436904,101327,烧烤炸鸡
67389139,蜀留香小龙虾海鲜(槐房西路店),39.806471106297,116.363917221483,101327,烧烤炸鸡
69261511,Ananda喜愿蛋糕（知春路店）,39.9688342870251,116.345541573039,101276,甜点饮品
72464334,黄掌门生鲜,39.8910403795677,116.467715265941,100970,商超生鲜
69096295,两只小鱼海鲜,39.8403143721169,116.414029884847,101327,烧烤炸鸡
70604764,鲜渔鲂,39.8530970080601,116.469799297258,100321,异国料理
63062559,夜来香烤翅吧,39.8630134926664,116.380377314618,101327,烧烤炸鸡
67567498,idu鲜花,40.2197841275885,116.215861087321,101346,鲜花蛋糕
66759180,八零烧烤私房小龙虾,39.9326693921434,116.387976121721,101327,烧烤炸鸡
65696126,三月蛋糕,39.9751862951034,116.409882726649,101276,甜点饮品
67832524,宫廷贡栗水果超市,39.8710008423208,116.457871949806,100970,商超生鲜
67474666,河风精致寿司,39.8958143203538,116.450084157872,100321,异国料理
513258,汇力发饼屋（新街口店）,39.9450940262105,116.366162353997,101276,甜点饮品
73409911,鲜花坊(玫瑰情缘鲜花),39.9433526109232,116.364083572123,101346,鲜花蛋糕
80538661,为优美烘焙,39.9071915051292,116.270636296951,101276,甜点饮品
24400603,大果蔬篮子（新街口店）,39.9354987636899,116.361859962534,100970,商超生鲜
83612086,e果e家,39.9272680209667,116.509665404989,100970,商超生鲜
74597694,24小时果蔬生活超市,39.8878811061816,116.459913396007,100970,商超生鲜
80622902,辣滋味私房小龙虾,39.9075792982847,116.488186240828,101327,烧烤炸鸡
10334954,榴莲与芝士,39.9466927357518,116.335661557558,101276,甜点饮品
75127680,尽爱,39.7998985954343,116.496574319358,100970,商超生鲜
66279809,仙外鲜小海鲜（簋街形象店）,39.9394626482374,116.418557743893,101327,烧烤炸鸡
58183640,万佳鲜花(北京店),39.9179218150918,116.421660890078,101346,鲜花蛋糕
6040272,匹考克甜品,39.9174217632296,116.44705185453,101276,甜点饮品
66283909,花礼网（北京店）,39.9408241832948,116.359893433528,101346,鲜花蛋糕
79664085,魏微花卉,39.9217865353239,116.561599291742,101346,鲜花蛋糕
67388869,腾飞挪威三文鱼,40.0459657740082,116.402376914916,100321,异国料理
74597570,蜜桃屋榴莲蛋糕千层甜品,39.8970067762159,116.416827922312,101276,甜点饮品
82330508,楼下有虾,39.9938263468737,116.500110733654,101327,烧烤炸鸡
48155405,烧烤盛宴,39.957639914992,116.439959251103,101327,烧烤炸鸡
90522902,友谊鲜花礼品店,39.9088603631447,116.444288455721,101346,鲜花蛋糕
65191758,路客饭店（小龙虾快餐盖饭）,40.2265425288973,116.185432814497,101327,烧烤炸鸡
90505135,喜洋洋蛋糕（西翠路店）,39.9105937734426,116.291810504374,101276,甜点饮品
69079298,本纯食社,39.9006481938022,116.402902717579,101303,无辣不欢
75014099,水果忍者,39.7645355114885,116.551179290178,100970,商超生鲜
70446815,猫蒲夜宴（朝阳店）,39.8951420441203,116.505419763823,101327,烧烤炸鸡
79314521,漫步鲜花（榴莲蛋糕）,39.8631900418541,116.412705602488,101276,甜点饮品
21289179,小崔海鲜水产行,40.0460780676199,116.403402362038,101327,烧烤炸鸡
69896949,德国啤酒超市（莲怡园店）,39.8842614169935,116.296451103277,100970,商超生鲜
76757821,鲜果奇缘,39.9123050424004,116.633865948634,100970,商超生鲜
76658380,洋品惠进口食品折扣店,39.9581511395404,116.339600493012,100970,商超生鲜
79277937,乐优美蛋糕,39.9517691759305,116.394827396024,101276,甜点饮品
79281471,花果山精品水果,39.9122533405807,116.634326898739,100970,商超生鲜
23205396,美洋洋鲜花店,39.9008337126744,116.222831272215,101346,鲜花蛋糕
90972650,嗨！麻小,39.850112441181,116.335034226706,101327,烧烤炸鸡
69211377,米粒甜品（榴莲主题）,39.8327339088412,116.382592605457,101276,甜点饮品
65717403,Aflower鲜花店,39.8999927825345,116.649205059346,101346,鲜花蛋糕
76843422,龙虾螃蟹店,40.0816628736749,116.333696848092,101327,烧烤炸鸡
71006808,花之恋鲜花（光明店）,39.5711971450765,116.731802452747,101346,鲜花蛋糕
20852950,香遇糕手,39.9735425850392,116.339567609108,101276,甜点饮品
81001254,河风精致寿司（大兴店）,39.7646257767284,116.328823025683,100321,异国料理
69421903,花道佳鲜花,39.8288528434168,116.347403550769,101346,鲜花蛋糕
68164456,水果农场,39.8204396795179,116.289068897128,100970,商超生鲜
66737949,快乐果匠苏州街店（原果鲜斋）,39.9639831572503,116.30105591603,100970,商超生鲜
69284244,泰国榴莲蛋糕,39.9565922085974,116.411701732187,101276,甜点饮品
69094053,花佳鲜花,39.9181535985586,116.431893083854,101346,鲜花蛋糕
69455847,阳澄湖大闸蟹,39.8763753877256,116.667461879822,101327,烧烤炸鸡
67834727,名优特产,39.8215216324034,116.33334082617,100970,商超生鲜
48307896,浪漫星空鲜花店（东大街店）,39.8627794654149,116.287630756645,101346,鲜花蛋糕
32712030,Mcake蛋糕（北京站）,39.8870118252006,116.478854821476,101276,甜点饮品
79456199,村上一屋日料寿司（尚都店）,39.9176827339401,116.446572500381,100321,异国料理
32741353,奶油小森（大钟寺店）,39.9630708666065,116.33526840763,101276,甜点饮品
76878689,生日聚汇蛋糕,39.9548438602689,116.346711964706,101276,甜点饮品
32156405,YoYo优优千层蛋糕（亚运村店）,39.9939727357833,116.417809811992,101276,甜点饮品
67841285,尚品果园（水果哈哈镜）,39.9497211704298,116.433669804077,100970,商超生鲜
70505240,奶油小森（亚运村店）,39.9821943194376,116.370921420848,101276,甜点饮品
69421566,花枝舞鲜花,39.8281575629386,116.353203436081,101346,鲜花蛋糕
32458959,非常虾（小龙虾外卖）,39.9168575393075,116.478866147533,101327,烧烤炸鸡
66985174,口口香疯狂炸鸡,39.9715404373657,116.319562222953,101327,烧烤炸鸡
17712680,老爸道秘制私房菜小龙虾外卖,39.9030242265537,116.504532467431,101327,烧烤炸鸡
66695764,清碧源水站（怡宝专卖店）,39.9025875736321,116.106760584889,100970,商超生鲜
18167908,麦香味西饼屋（大钟寺店）,39.9638569143236,116.333081216088,101276,甜点饮品
69286988,水果烟酒超市,39.8708384054522,116.45849997424,100970,商超生鲜
13928646,大喜龙虾（彰化路店）,39.9394426021564,116.274054563982,101327,烧烤炸鸡
69725875,有虾有蟹,39.8913487591562,116.415384916123,101327,烧烤炸鸡
23423169,福源百汇水果店,39.8767209613437,116.27255906423,100970,商超生鲜
11566208,Viviancake（薇薇安蛋糕）,39.939498173314,116.44903864869,101276,甜点饮品
68949069,榴莲千层盒子,39.9241382375422,116.396744022238,101276,甜点饮品
76949384,甜蜜屋蛋糕坊,39.8540340053479,116.381926340325,101276,甜点饮品
56833601,唯聚一家便利店,39.8973666958691,116.47966553418,100970,商超生鲜
90398559,英伦时光炸鸡,39.8526619336483,116.375323086714,101327,烧烤炸鸡
79434512,久遇进口葡萄酒直营店,39.9427926919678,116.374258694935,101276,甜点饮品
75653056,银鑫海鲜（生鲜）,39.8914689299686,116.46681409134,100970,商超生鲜
69775257,农村果园水果切（中关村店）,39.9876808062832,116.315371758109,100970,商超生鲜
14199250,优优尚品裸蛋糕,39.8679063376642,116.452574991585,101276,甜点饮品
80527917,天天水业,39.7501646913869,116.317674380123,100970,商超生鲜
58454864,每实蛋糕（北京店）,40.0417195085529,116.665175927494,101276,甜点饮品
73408087,嗨到爽麻辣私房,39.890047801435,116.459701636918,101327,烧烤炸鸡
90053208,望小腰进京赶烤,39.9410691768145,116.299846258624,101327,烧烤炸鸡
69694708,欣丹鲜果,39.9255200185925,116.325417565197,100970,商超生鲜
90417504,非尝不可（小龙虾海鲜）,39.8933389017482,116.489522065081,101327,烧烤炸鸡
23988564,AJ麻辣海鲜订制,39.8927674025987,116.49773024531,101327,烧烤炸鸡
58039237,非抠不可,39.95267340694,116.439489627553,101327,烧烤炸鸡
67243637,海云祥海鲜水产行,40.0475236897159,116.402379716317,101327,烧烤炸鸡
23626342,靖天酒城,40.0237596286939,116.302733916456,100970,商超生鲜
67425592,榴芒来啦千层蛋糕,39.9063324013472,116.460752820444,101276,甜点饮品
17185417,私人做法甜品店,39.8985455263403,116.4649076737,101276,甜点饮品
69641998,燕澜坞 • 鲜炖燕窝,40.0010361147644,116.405119510936,101276,甜点饮品
76269627,美鲜花蛤,39.8937052493195,116.489644483605,101327,烧烤炸鸡
69261275,壹心壹烘焙,39.9297475825232,116.46159665825,101276,甜点饮品
76084132,壹手盐帮（家常菜·冒菜）,40.0192692259339,116.496414602631,101303,无辣不欢
59291362,纽罗宾（北七家店）,40.1259513402697,116.403249029602,101276,甜点饮品
8968261,老李馕坑烤羊排(沙子口店),39.8586456221021,116.400063017554,101327,烧烤炸鸡
56799796,花之恋鲜花店,39.8707978238396,116.272974342778,101346,鲜花蛋糕
13885239,爱尚花艺,39.8779540205698,116.335528607816,101346,鲜花蛋糕
50516983,嘎嘎辣鸭脖,39.9250974122357,116.411627677298,101327,烧烤炸鸡
77342790,悠然花道,39.9229285665353,116.476178507105,101346,鲜花蛋糕
76745191,禾重寿司,39.9435034278413,116.344878160982,100321,异国料理
71003447,生日聚汇蛋糕坊,40.0264301774313,116.333101224587,101276,甜点饮品
72356210,新开蔬菜果园,39.9017689298626,116.343281785214,100970,商超生鲜
90972062,狂热龙虾节,40.0315877736134,116.429874622718,101327,烧烤炸鸡
90322704,优果定制（鲜果切）,39.9022262632493,116.379382100172,100970,商超生鲜
79464674,金丝语•花之苑,39.9579086374035,116.281660255784,101346,鲜花蛋糕
90783662,鲜果奇缘批发配送中心,39.9124232109105,116.63569669818,100970,商超生鲜
83619777,扬恩辣事（A慕涵）,39.8408437295473,116.411862614312,101327,烧烤炸鸡
22661998,京之鲜私房秘制小龙虾外送（西单店）,39.9020868570629,116.373738439663,101327,烧烤炸鸡
64401678,凯瑞思蛋糕·鲜花,39.9516022922204,116.302952544126,101276,甜点饮品
66795781,百果园水果超市（金源店）,39.9622709935307,116.273785025278,100970,商超生鲜
16105051,百果园水果超市（鲜切）,39.891195518815,116.373732940741,100970,商超生鲜
90258224,珍品汇海鲜（京深海鲜旗舰店）,39.8405934773433,116.414184016226,100970,商超生鲜
67264847,乐味乐道千层蛋糕,39.9932855061468,116.411372737985,101276,甜点饮品
74841341,凯达便民店,39.9525250078825,116.351841726034,100970,商超生鲜
74630099,水月观干果水果有机杂粮超市,39.8910373797075,116.467715266317,100970,商超生鲜
90488296,疯狂烤翅,39.9496085519345,116.404090046772,101327,烧烤炸鸡
67511896,海魔王龙虾（日坛店）,39.917413476499,116.437756065543,101327,烧烤炸鸡
2077405,甜风集烘焙生活馆,39.8750473486118,116.297946331091,101276,甜点饮品
66945012,果运来水果（新街口店）,39.9382511121396,116.369916261663,100970,商超生鲜
22110790,苗陆鲜花店（骑河楼店）,39.9186916279065,116.399087113844,101346,鲜花蛋糕
90524751,冰之优作法式雪域慕斯蛋糕店,39.8481615514854,116.303812714577,101276,甜点饮品
21314662,BONCAKE（北京店）,39.977270677914,116.309304658647,101276,甜点饮品
68034523,小猴贝壳,39.899297644213,116.533505171717,101327,烧烤炸鸡
74594840,e果e家广安门店,39.8910160287208,116.351302039408,100970,商超生鲜
71003844,生日聚汇蛋糕坊,40.0511969186394,116.288373902477,101276,甜点饮品
21794136,欣欣花艺,39.9288838121964,116.313454510163,101346,鲜花蛋糕
83619698,老张●回头烧烤,39.8650270319081,116.398046737143,101327,烧烤炸鸡
76996693,丞真烧烤店（铸诚大厦店）,39.963273361847,116.318732171758,101327,烧烤炸鸡
19138100,好想你枣专卖店,39.9630019048048,116.308952231825,100970,商超生鲜
67620262,爱果者品质鲜果,39.9621721204661,116.335150784227,100970,商超生鲜
75164820,晨菲蛋糕,39.8645300533468,116.397977788376,101276,甜点饮品
67978958,快买酒,40.1145418029028,116.575519614717,101276,甜点饮品
38084577,奶油小森（苏州街店）,39.9667609870993,116.300518665543,101276,甜点饮品
73602555,甜味生活甜品店,39.8997443718538,116.314865992188,101276,甜点饮品
36914726,圣焰麻辣小龙虾,39.9210495458509,116.508031201272,101327,烧烤炸鸡
90052140,幸福e站鲜花坊,39.8446888900471,116.362039231947,101346,鲜花蛋糕
80878322,江同学烤蹄（中关村店）,39.980945662984,116.309232354498,101327,烧烤炸鸡
76089267,麻辣诱惑·麻辣小龙虾·麻小外卖,39.9194228534604,116.336224813292,101327,烧烤炸鸡
75093262,小狐鲜（果切&生鲜 员工福利店）,40.0057531097009,116.482358059659,100970,商超生鲜
71004204,生日聚汇蛋糕坊,39.9354519786594,116.500213340525,101276,甜点饮品
77275843,奶油小森（公主坟店）,39.8965952875272,116.317079359233,101276,甜点饮品
22446893,鸿福茶业,39.7510165807264,116.536689282775,100970,商超生鲜
24006427,麻辣村香锅•烤鱼,40.0592131384108,116.333784511622,101303,无辣不欢
76308586,艳果鲜花店,39.5150225657619,116.681015110607,101346,鲜花蛋糕
90490712,吉百式蛋糕坊,39.9915606209587,116.331575110066,101276,甜点饮品
90372270,望京小腰 六合串吧,39.913514097827,116.415754527842,101327,烧烤炸鸡
69322404,北京果酷有约水果超市（丰台店）,39.8487336809731,116.287345983023,100970,商超生鲜
80900396,内蒙碳烤风干牛肉干,39.9327561339294,116.434452648233,100970,商超生鲜
58677804,洋洋生活超市（知春路店）,39.9736013811782,116.336385585573,100970,商超生鲜
38205908,橙姑娘榴莲千层蛋糕,39.8974419117674,116.453007574291,101276,甜点饮品
79232715,11CAKE,39.9307389368673,116.610287461398,101276,甜点饮品
66388888,EYE TOUCH甜品店,39.9086937366425,116.548302578242,101276,甜点饮品
32738585,奶油小森（知春路店）,39.9715282157219,116.34263129855,101276,甜点饮品
65671433,虾蟹情,40.0278668022688,116.430441210223,101327,烧烤炸鸡
68056862,草木时空鲜花,40.0584645102382,116.509080084163,101346,鲜花蛋糕
83541676,磨王麻大麻辣海鲜,39.9206720021617,116.412212802931,101327,烧烤炸鸡
67846538,红虾馆.小龙虾海鲜,39.9887501210501,116.478330195149,101327,烧烤炸鸡
81817881,望京小腰-天天串吧,39.9446307936592,116.418907555877,101327,烧烤炸鸡
69286953,姐妹果业炒货精品,39.8880749265459,116.45196162996,100970,商超生鲜
67934489,爱花苑鲜花速递,39.9548469057181,116.455276265357,101346,鲜花蛋糕
57289598,村上一屋日料寿司,39.8796470736264,116.470695150984,100321,异国料理
77275834,奶油小森（双井店）,39.8677246373446,116.4527003894,101276,甜点饮品
79434622,香格格鲜花馆（北京）,39.7769089112814,116.325519047505,101346,鲜花蛋糕
76753703,成龙虾馆小龙虾海鲜,39.9884406796216,116.478172652092,101327,烧烤炸鸡
66186862,都市网景3便利店,39.9680871727312,116.327580210768,100970,商超生鲜
90371734,味侠麻辣小龙虾,40.0459192531005,116.403942649511,101327,烧烤炸鸡
69779503,满庭芳园全时便利店,39.9667846525458,116.325790488719,100970,商超生鲜
32549656,徐记潮汕砂锅粥,40.0449810248762,116.403070346757,101301,暖胃粉面
58670973,哈啾汉堡炸鸡饭,40.005617957813,116.340280985504,101052,汉堡披萨
59432772,鲜多多海鲜,40.0415936657282,116.408804352609,100970,商超生鲜
65801744,米莉米娅榴莲千层蛋糕,39.856203543843,116.441061801013,101276,甜点饮品
56808082,米乐凤城蛋糕,39.9792892614673,116.36826513369,101276,甜点饮品
18443708,21cake客蛋糕（北京站),39.8445944216182,116.61670573084,101276,甜点饮品
77442745,鸿金树花艺馆,39.8258430246494,116.31822164678,101346,鲜花蛋糕
90960293,鲜果多(鲜切水果超市),39.8417487527378,116.391765681645,100970,商超生鲜
27489486,虾元素品质川菜（机场店）,40.0478984126373,116.585810980066,101303,无辣不欢
76836306,惠民水果超市,39.8400196027183,116.365027276915,100970,商超生鲜
75642835,村上一屋日料寿司（双井店）,39.8957912354269,116.448688164413,100321,异国料理
72338357,哈哈镜水果超市（新街口店）,39.9428306541647,116.360965443483,100970,商超生鲜
5540043,稻香村（新发地店）,39.8176025253968,116.327632088842,101276,甜点饮品
26208631,猫蒲夜宴（西城店）,39.8955418026053,116.367287120092,101327,烧烤炸鸡
76081954,黍离农场,39.850008305341,116.432144227817,100970,商超生鲜
75158104,花为美鲜花（花儿陪你）,39.9802035055542,116.309333225982,101346,鲜花蛋糕
72461821,辣天下烤鱼麻辣香锅外卖,39.9542897398984,116.350445640557,101303,无辣不欢
69795252,鲜蛙馆（中关村店）,39.9723912864409,116.31962297591,101327,烧烤炸鸡
67227774,小花匠,39.8261710143412,116.318736428849,101346,鲜花蛋糕
23190531,徐婷鲜花店,39.9273930145093,116.272254085738,101346,鲜花蛋糕
48391060,壹瞳cake榴莲千层蛋糕,39.9304307968568,116.461690883975,101276,甜点饮品
79675161,维尼斯蛋糕（方庄店）,39.8495784159803,116.434661631312,101276,甜点饮品
45402421,阿杜海鲜,40.0451751194539,116.403411482182,101327,烧烤炸鸡
69615268,掌心花艺工作室cactusflower,39.9040842035594,116.219889809196,101346,鲜花蛋糕
80609576,烧烤师,39.9798390851695,116.425567311839,101327,烧烤炸鸡
83611892,哈哈镜国贸店,39.8962258897658,116.465758868506,100970,商超生鲜
90599981,恒瑞生鲜,39.8406014800443,116.41418801956,100970,商超生鲜
68125976,花花草草那些事儿,39.8922220890984,116.578462496059,101346,鲜花蛋糕
4516427,米卡米卡蛋糕,40.0375391262068,116.366212974166,101276,甜点饮品
68961259,悟辣火锅,39.8379870055348,116.378165619107,101303,无辣不欢
75136115,生日聚汇蛋糕坊,40.0523799822458,116.295865125123,101276,甜点饮品
69498837,顺达超市,39.882962104749,116.361820711204,100970,商超生鲜
69895566,苏先生的虾（小龙虾外卖）,39.9258147350992,116.41213407112,101327,烧烤炸鸡
68062571,狠角色阳澄湖大闸蟹,39.9016028789692,116.49198839473,101327,烧烤炸鸡
66767157,月亮超市（十里堡店）,39.9250280174659,116.496724455351,100970,商超生鲜
67637120,麻辣源（西坝河店）,39.9630507248718,116.429866332214,101303,无辣不欢
6526138,建国超市,39.8996786264313,116.458337836609,100970,商超生鲜
79675599,望京小腰烧烤吧,39.9592858133301,116.31701460386,101327,烧烤炸鸡
32375402,辣家私厨（双桥店）,39.907131207967,116.569368269737,101327,烧烤炸鸡
65446748,家品进口小食,39.9356460196157,116.373124828145,100970,商超生鲜
58631005,猫山王榴莲甜品MusangKing（猫叔爱琴海店）,39.9701294866462,116.429894487067,101276,甜点饮品
67384578,榴莲榴趣,39.8447270137819,116.42037028566,101276,甜点饮品
90599175,I Bake 甜品蛋糕,39.8962504283666,116.452622835313,101276,甜点饮品
43560701,陆丰烟酒水果超市,39.8958296585661,116.45828113862,100970,商超生鲜
68066402,吃货乐园,39.8767449538454,116.272565054687,100970,商超生鲜
76738305,闪送超市•水果食品百货（大望路店）,39.907521965363,116.470031320091,100970,商超生鲜
80912754,麻辣九号（小龙虾麻辣香锅）,39.9148363472583,116.49032343931,101327,烧烤炸鸡
69337145,榴莲爱上芒,39.9624550955445,116.334619935359,100970,商超生鲜
82866147,爱仕图尔美酒,39.9922027991789,116.516139554258,100970,商超生鲜
66989751,爱时最美鲜花,39.8288027188635,116.349298798311,101346,鲜花蛋糕
67804265,友谊鲜果,39.9656481657428,116.320346166707,100970,商超生鲜
83437823,倍儿鲜挪威三文鱼·日料寿司,39.902226898705,116.508911737384,100321,异国料理
68124944,魔幻鲜花,39.5355935407849,116.700548718961,101346,鲜花蛋糕
67798365,春小果水果超市,39.8764934936323,116.274839485691,100970,商超生鲜
79717343,海鲜厨房_小龙虾外卖,40.0287724798268,116.328128256115,101327,烧烤炸鸡
69080157,啡法集会千层榴莲蛋糕店,39.8928671242652,116.303306177829,101276,甜点饮品
76348594,麦田斋西饼屋,39.9097801737233,116.367285309359,101276,甜点饮品
91010116,淘花源花坊,39.8564388349462,116.432710590382,101346,鲜花蛋糕
13818394,亚美超市（哈哈镜vip店）,39.9424863707603,116.298540701578,100970,商超生鲜
77490124,美御花庭鲜花,39.8524118185509,116.288453661307,101346,鲜花蛋糕
34988504,大虾来了·麻辣小龙虾,39.9722702825273,116.325347813047,101327,烧烤炸鸡
59244466,纽罗宾（东坝店）,39.9603649726952,116.524998404147,101276,甜点饮品
69733202,卡诗曼蛋糕,39.8687825019633,116.252616753021,101276,甜点饮品
22975123,MUKU CAKE（日式蛋糕）,39.9049651854847,116.452838118775,101276,甜点饮品
17678712,1979烘焙店（朝阳大悦城店）,39.9226843298516,116.514266498659,101276,甜点饮品
63374776,UV海鲜匠,40.0289413494622,116.426648944758,101327,烧烤炸鸡
69727048,口口福蛋糕房,39.965532571139,116.309077637454,101276,甜点饮品
69804351,哈哈镜（鸭货大全店）,39.8830643803421,116.335198696684,101327,烧烤炸鸡
69107833,果儿鲜果蔬超市（次日配送）,39.8778168975333,116.278673452231,100970,商超生鲜
90026360,蔬艺房水果净菜专营店,39.8005684700619,116.495879610104,100970,商超生鲜
90479453,烧烤岁月,39.9410023946764,116.357593267636,101327,烧烤炸鸡
69638464,燕澜坞,39.9043379760006,116.446890058158,101276,甜点饮品
6030099,可圈可点蛋糕店（千层榴莲）,39.8437315309957,116.388424293876,101276,甜点饮品
67764725,烘达兄弟（北大店）,39.9848512509281,116.304462180837,101276,甜点饮品
77455195,37度cake蛋糕（小屯路店）,39.8925660256282,116.250367027868,101276,甜点饮品
75159991,花花坊,39.8145538122126,116.283933713266,101346,鲜花蛋糕
90026019,百鲜岛海鲜（京深海鲜总店）,39.8409006989592,116.411823569819,100970,商超生鲜
5490994,艾尚蛋糕店,39.9644677648006,116.306283852682,101276,甜点饮品
57024544,麻辣村香锅烤鱼,39.8388896742467,116.39332084786,101303,无辣不欢
48008322,好利来蛋糕（北京）,39.9064358047724,116.346142272356,101276,甜点饮品
8696918,Tasty Cake,39.8721212955035,116.432897999681,101276,甜点饮品
22005721,小贤家榴莲蛋糕（亚运村店）,39.9926193703184,116.420346445296,101276,甜点饮品
79676716,玖号鲜花,39.8915617477381,116.653243112175,101346,鲜花蛋糕
79269249,欣玉花坊,39.8916664734478,116.452705394304,101346,鲜花蛋糕
59002124,老北京锅贴,40.0279280937121,116.430636590124,101301,暖胃粉面
65726146,月亮街食品,39.8768286840567,116.272816767325,100970,商超生鲜
21607787,食尖儿小龙虾,39.9150416299982,116.200683044496,101327,烧烤炸鸡
79313339,生日蛋糕糕点坊,39.9809365888897,116.370707839105,101276,甜点饮品
76860207,优佳果品水果超市,39.8207664223578,116.275179006248,100970,商超生鲜
66471689,鲜花绿植鱼,39.9356730703896,116.286308836488,101346,鲜花蛋糕
6108750,拉菲米亚蛋糕,39.9659881119041,116.383456076108,101276,甜点饮品
66181473,味美精品泰国榴莲蛋糕,39.9181189510521,116.419961386582,101276,甜点饮品
67642822,火红新奥鲜花店,40.0136679606388,116.315746620882,101346,鲜花蛋糕
67204101,kismet鲜花（回龙观店）,40.0745947900319,116.313039036131,101346,鲜花蛋糕
80534978,哈哈镜（天宁寺店）,39.8932754642956,116.341491652035,101327,烧烤炸鸡
76831840,望京小腰王记串吧,39.8829736522326,116.340537002239,101327,烧烤炸鸡
16998706,阳澄湖大闸蟹（光彩京深店）,39.8399780659307,116.409151341816,101327,烧烤炸鸡
69790418,诗情花坊,39.8785429915072,116.381456546688,101346,鲜花蛋糕
66803227,OH!料理,39.8505793635017,116.28025965788,100321,异国料理
67723997,花为美鲜花（花心花艺）,37.1506020546365,111.783447734096,101346,鲜花蛋糕
68959881,鲜果物语精品水果,39.9109019497777,116.631282904957,100970,商超生鲜
22985353,麻辣村麻辣香锅烤鱼外卖,39.9697918607151,116.43335057425,101303,无辣不欢
90509145,兴鑫腾达超市,39.939852020265,116.400681859453,100970,商超生鲜
90354888,重庆花艺,39.8968937641109,116.277094610467,101346,鲜花蛋糕
90281125,望京小腰小板凳串吧,39.9889596305357,116.337542078612,101327,烧烤炸鸡
69650321,一号码头,39.8914455841092,116.415183672477,101327,烧烤炸鸡
45632581,北京爱情故事鲜花,39.8258475855713,116.319491740591,101346,鲜花蛋糕
40136661,健翔桥市场水果店,39.9804834715791,116.368941102238,100970,商超生鲜
90304773,奇迹花园,39.9206387644021,116.411872477995,101346,鲜花蛋糕
65754750,鲜花坊,39.9227512471674,116.420419449806,101346,鲜花蛋糕
68043189,嘉鲜味(夜宵),39.9886160420571,116.477953822743,101327,烧烤炸鸡
80610278,榴莲哥蛋糕,39.9816870262921,116.328416569592,101276,甜点饮品
73606238,益食鑫隆蔬果生鲜店,39.9607184843981,116.335525133618,100970,商超生鲜
67989899,好好妈燕鲜炖燕窝,39.9257009016644,116.446807133768,101276,甜点饮品
69659751,望京小腰,39.8504878428101,116.261666589972,101327,烧烤炸鸡
69725895,老鬼龙虾,39.8913487591562,116.415384916123,101327,烧烤炸鸡
67142049,花火鲜花总部店,39.9743304207699,116.688358606209,101346,鲜花蛋糕
75127783,美滋味蛋糕坊,39.9046699423154,116.444970800397,101276,甜点饮品
67402727,哈哈镜（马甸桥店）,39.9603305499144,116.369619814006,101327,烧烤炸鸡
16985157,遇见榴莲千层蛋糕专门店,39.9583671543913,116.33958749378,101276,甜点饮品
21035679,鲍家糕点（武圣路店）,39.8784484151706,116.461819830041,101276,甜点饮品
5401436,爱丽娜鲜花,39.9558478178405,116.351799278501,101346,鲜花蛋糕
45362348,麻辣村香锅烤鱼,39.8492529979531,116.280603336711,101303,无辣不欢
80950870,鲜花水果,39.9702421869075,116.415007436176,101346,鲜花蛋糕
90511636,功夫龙虾,40.0146673995065,116.499424563291,101327,烧烤炸鸡
59256772,水果超市,39.9427749046479,116.364674776444,100970,商超生鲜
75636698,四季蔬果,39.8891386826459,116.333806045455,100970,商超生鲜
19811224,爱的味道（清河店）,40.0295660416445,116.337407210134,101276,甜点饮品
69146756,鲜花水果超市,39.9442326276037,116.366531949211,100970,商超生鲜
67725571,俄罗斯特色商店（万源店）,39.8040173368219,116.420856142791,100970,商超生鲜
513255,汇力发饼屋,39.9375455605722,116.402584872895,101276,甜点饮品
513255,汇力发饼屋（交道口店）,39.9375455605722,116.402584872895,101276,甜点饮品
66551271,麻辣火龙虾,40.0716558721956,116.429436659689,101327,烧烤炸鸡
68156885,妮依然品牌鲜花店(北京),39.9326468886355,116.510389372574,101346,鲜花蛋糕
69087747,24h便利美食,40.0011053817751,116.359423515668,100970,商超生鲜
73430260,望京小腰（曹记串吧）,39.9500674700659,116.306756644954,101327,烧烤炸鸡
8726703,鲜花坊,39.9558478178405,116.351799278501,101346,鲜花蛋糕
65768485,阳光超市,39.9148812464042,116.491632399647,100970,商超生鲜
69323304,AJ麻辣海鲜订制,40.0731504255901,116.327891158373,101327,烧烤炸鸡
77480199,武汉久久鸭（哈哈镜）,39.8586257479095,116.474477330216,101327,烧烤炸鸡
80614603,爱翅爱串,39.9671723722704,116.318645876972,101327,烧烤炸鸡
77279399,便利超市,39.8800855995615,116.378956269864,100970,商超生鲜
26232014,卖虾(小龙虾外卖),39.8067656294569,116.361926217762,101327,烧烤炸鸡
73426558,佰味村月饼糕点,39.8768224547456,116.274859420995,101276,甜点饮品
67848535,夹克的虾（小龙虾外卖）,39.9118730985672,116.445196496263,101327,烧烤炸鸡
91000300,江城烧烤&麻辣涮串,39.9241143637101,116.367467237174,100321,异国料理
74599864,华联生活超市,39.8975564825958,116.452825011751,100970,商超生鲜
24029703,左岸右转面包工坊,39.9909389307839,116.400438253411,101276,甜点饮品
90496266,鲜果家族,39.8951384725325,116.456150495016,100970,商超生鲜
69341356,北京兰色小月亮河商店,39.9683423238972,116.366109387941,100970,商超生鲜
67149586,卉卉花艺,39.8250867960516,116.320449640282,101346,鲜花蛋糕
73588185,烧烤夜宵,39.9800039549349,116.41397304563,101327,烧烤炸鸡
75149601,同力嘎烤羊腿·望京小腰,40.0090338887631,116.493798944625,101327,烧烤炸鸡
67925669,uegarden你的花园,39.8742133122011,116.693351214303,101346,鲜花蛋糕
37924391,爱诺食尚蛋糕,39.952029006353,116.437710574028,101276,甜点饮品
22644066,龙虾趴,39.9368165223826,116.4193191125,101327,烧烤炸鸡
66775351,果真鲜（金源店）,39.9614079021173,116.273900000703,100970,商超生鲜
57416304,花点时间（北京店）,40.0018653733079,116.410186577112,101346,鲜花蛋糕
67757530,the wild花店（三里屯店）,39.9446342338649,116.447782451872,101346,鲜花蛋糕
48007845,鲜果惠水果超市,39.8766903443579,116.272462266216,100970,商超生鲜
50581176,北京诗怡鲜花,39.8259120557989,116.319765106176,101346,鲜花蛋糕
79628312,麻辣经典小龙虾大闸蟹,39.9565501793322,116.411656694882,101327,烧烤炸鸡
13664014,美蛙私厨（总店）,39.9652030425162,116.418966014197,101303,无辣不欢
79628325,一号大连海鲜,39.956554201154,116.411688724701,101327,烧烤炸鸡
68041359,冰城大虾,40.0761309011479,116.333346343711,101327,烧烤炸鸡
79435159,蛙辣哇啦（回龙观店）,40.0783052417107,116.305675794476,101327,烧烤炸鸡
67296986,幸福西饼蛋糕(东城店),39.9192541084755,116.426031820968,101276,甜点饮品
67725215,奇乐美蛋糕坊,39.8573574854823,116.403374445585,101276,甜点饮品
41123035,D.K.uss营养水果(北京店),39.9176066127353,116.353376764674,100970,商超生鲜
75128778,七月麦谷蛋糕,40.0772903055279,116.324161223173,101276,甜点饮品
48033868,滒润蛋糕店,39.9521410969938,116.330051575124,101276,甜点饮品
5113959,蟹天蟹地,39.9393774300628,116.41380104298,101327,烧烤炸鸡
58512351,花间派花坊,39.9257138053289,116.447231305152,101346,鲜花蛋糕
68065683,幸福公社便利店,39.8003375240559,116.495221147091,100970,商超生鲜
18488737,大丈夫居酒屋,39.9257192294598,116.446490260174,100321,异国料理
68082473,宅预达鲜花&绿植店,39.8283015939769,116.32252048052,101346,鲜花蛋糕
32666263,一号码头海鲜,39.8762445747034,116.667368163444,101327,烧烤炸鸡
68165319,勺勺炸鸡&便当,39.8402636946156,116.416752033518,101327,烧烤炸鸡
79712566,双盛粮油蔬菜食品（水果）,39.8740693430988,116.420322495733,100970,商超生鲜
67373669,栗记麦香坊,39.9390789950663,116.39222320682,101276,甜点饮品
57714310,佐伦比萨,39.8931946391159,116.24724284289,101052,汉堡披萨
90347126,千层千梦蛋糕,39.9000846898519,116.519094089842,101276,甜点饮品
80526170,ZēZē 杯子蛋糕,39.9794164479877,116.302803357505,101276,甜点饮品
60712039,木子卷寿司（沿海赛洛城店）,39.8951204328575,116.501141807298,100321,异国料理
19646100,液店（进口酒水超市）,39.8982216292558,116.480378876028,100970,商超生鲜
67156553,蒂诺Dno蛋糕,39.9149241915838,116.467664100208,101276,甜点饮品
57215987,奔跑吧香锅烤鱼,39.8876541718475,116.431395936069,101303,无辣不欢
23495578,七月麦谷,39.8972820436002,116.210487147005,101276,甜点饮品
27241147,蔬果到家,39.8740005252871,116.355418595146,100970,商超生鲜
80531689,营养鲜果庄园（枫蓝国际店）,39.9522731161157,116.352149644691,100970,商超生鲜
79603665,乐味乐道千层榴莲甜品店,39.8486229348378,116.331084308013,101276,甜点饮品
2188672,烽火堂,39.9394354210558,116.416188743964,101303,无辣不欢
82688665,便民水果超市,39.88563914812,116.388813827709,100970,商超生鲜
79626543,楚先生五谷养生代餐,39.8953324927854,116.456162508141,101276,甜点饮品
58878948,百惠鲜花,39.9879432473808,116.456791823015,101346,鲜花蛋糕
65376402,米帝欧蛋糕店,39.9373217461608,116.344256236405,101276,甜点饮品
66991335,御花缘花艺坊,39.8288021780853,116.349631148637,101346,鲜花蛋糕
90935018,开口乐蛋糕,39.9316798110953,116.303107722748,101276,甜点饮品
69660818,蔬菜水果超市(石榴园店),39.8460853445582,116.413153229252,100970,商超生鲜
38218989,奔跑吧麻辣香锅外卖,39.962140256544,116.335617746896,101303,无辣不欢
69289308,小木屋花店,39.976190825058,116.353008988472,101346,鲜花蛋糕
45343048,尚品花艺（北京店）,39.9745242081462,116.373409550463,101346,鲜花蛋糕
69084869,程诚水店,39.7882080044523,116.338226981617,100970,商超生鲜
24359205,六六大顺精品鲜花屋,39.7346001428541,116.140836715996,101346,鲜花蛋糕
74610590,花语木（专业定制花礼）,39.9474001061274,116.711669932556,101346,鲜花蛋糕
76730781,北京御花园鲜花,39.8830481724281,116.305753223124,101346,鲜花蛋糕
90275341,源鲜寿司,39.879364084446,116.314470449831,100321,异国料理
69839115,哈哈镜,39.8936712854272,116.500732448629,101327,烧烤炸鸡
63206706,杨子鲜果（西直门店）,39.9427979567062,116.355110399951,100970,商超生鲜
90960390,垛花溪(北服店),39.972821254364,116.424697730696,101346,鲜花蛋糕
58774651,维尼斯蛋糕,39.9473306893945,116.42873015194,101276,甜点饮品
57666771,诺卡欧蛋糕,39.9366853338284,116.340525219583,101276,甜点饮品
82274970,Una's 甜品店(简餐),39.8894143702755,116.443863790726,101276,甜点饮品
58514825,勿忘我鲜花（海澜花纺）,30.6232799368938,114.231833598856,101346,鲜花蛋糕
76926864,望京小腰,39.9255654138067,116.344145958813,101327,烧烤炸鸡
80272943,私人订制鲜花店（一分店）,40.0332889181525,116.286308600661,101346,鲜花蛋糕
77003223,御缘花艺,39.8904514590404,116.4365136041,101346,鲜花蛋糕
32712003,7cake榴莲千层蛋糕,39.9001820579282,116.517771529564,101276,甜点饮品
73427849,南国海鲜,39.8767804669424,116.274850436928,100970,商超生鲜
90974738,牛宝宝(生鲜果蔬调料店),39.8910373824225,116.467716269804,100970,商超生鲜
19589289,古早味（安定门店）,39.9441361141822,116.401881742224,101276,甜点饮品
3339409,GreenTree绿树超市（望京店）,40.0008160558626,116.466670885898,100970,商超生鲜
76078673,飞儿秘制海鲜小龙虾外卖,39.8985063171234,116.479897251878,101327,烧烤炸鸡
20725803,花缘鲜花店,39.9332256277804,116.363594592379,101346,鲜花蛋糕
45420564,金果园干果店,39.8204976209898,116.330098093845,100970,商超生鲜
72093056,云朵寿司,40.0452069447445,116.402665536101,100321,异国料理
59132408,北京鸿雁桶装水站,39.9519201629949,116.365817967646,100970,商超生鲜
59419275,AnandaCake喜愿蛋糕,40.0718117888846,116.349417647028,101276,甜点饮品
58977328,叁圆小龙虾,39.9883289764803,116.478274040396,101327,烧烤炸鸡
77057885,悠斋夜宵（家常菜、小龙虾）,39.906078713118,116.46955281325,101301,暖胃粉面
59220254,醇香烤地瓜VS迁西糖炒栗子,39.9532906350808,116.31356019658,100970,商超生鲜
23746630,萨奇披萨,40.0442008512411,116.402309112807,101052,汉堡披萨
40017037,麻辣村香锅烤鱼（朝阳店）,39.9114685772405,116.555195550374,101303,无辣不欢
80620052,蓝色经典名酒茗茶超市,39.9293983617344,116.467576985233,100970,商超生鲜
59113444,辣啊尧,39.9272397114122,116.404826296604,101327,烧烤炸鸡
48684547,每日鲜水果,39.8778524309866,116.279046941932,100970,商超生鲜
66912548,馋猫零食小铺,39.8767998912003,116.272621985453,100970,商超生鲜
69226280,花儿速递,39.8262009984399,116.318222599661,101346,鲜花蛋糕
75149549,Hi辣·约麻(小龙虾),39.893145795872,116.498203988176,101327,烧烤炸鸡
74609823,鑫美鲜花店,40.0038439680057,116.261811414591,101346,鲜花蛋糕
24308049,维思客彩虹蛋糕,39.9356189904167,116.341867481359,101276,甜点饮品
90286060,甜一点蛋糕坊,39.7977449451157,116.500667004245,101276,甜点饮品
69105438,Strasbourg思特堡（霄云路店）,39.9592932676716,116.460361887615,101276,甜点饮品
82685299,北京光玉琨宏食品商贸中心,39.8195100196228,116.331509014325,100970,商超生鲜
20840892,朱小妹海味（四惠店）,39.8996911323115,116.517804414988,101327,烧烤炸鸡
4732587,3A07逆爱杯子蛋糕,39.9381876795766,116.397110270934,101276,甜点饮品
77333670,北京石榴园陈书红食品店,39.846480238776,116.411646693798,100970,商超生鲜
90964849,哈哈镜超市,39.9453697511017,116.400413069877,101327,烧烤炸鸡
38487503,淘虾记（北辰店）,39.9894026294725,116.395605599463,101327,烧烤炸鸡
32343696,宽板凳老灶火锅（簋街店）,39.9394449573055,116.418866160207,101303,无辣不欢
80617589,睦缘烟酒水果超市（鲜切水果）,39.8917545905293,116.492748497168,100970,商超生鲜
76831488,真格甜品,39.9187407019872,116.450250751574,101276,甜点饮品
67881272,爱蒂宝鲜果花全城送(北京),39.9312150522009,116.448833109073,100970,商超生鲜
67728476,友佳水果店,39.9595843953687,116.499663285593,100970,商超生鲜
68114759,怡宝专卖店（全城）,39.8126146967799,116.52168654107,100970,商超生鲜
69834663,四季百盛花房,39.8063900813779,116.363942194657,101346,鲜花蛋糕
83480733,水果蔬菜,39.9354338867552,116.361768114772,100970,商超生鲜
79300194,鮨之屋精致寿司,39.8087218924649,116.44803126399,100321,异国料理
80617491,炸鸡＆啤酒（人大店）,39.9656265100117,116.301953858936,101327,烧烤炸鸡
82880740,日光倾城FLOWERS鲜花店,39.9523781534955,116.361812884499,101346,鲜花蛋糕
67265281,哈哈镜王老太小海鲜,39.894441880888,116.467218116167,101327,烧烤炸鸡
27161142,秀秀水果大世界,39.8754003934204,116.272461410097,100970,商超生鲜
26966203,河马啤酒,39.9425344948038,116.396621661628,100970,商超生鲜
24031302,鑫鑫日料,40.0459760387491,116.403292322745,100321,异国料理
90528630,经典鲍师傅糕点（北京站店）,39.9041221083191,116.4231289119,101276,甜点饮品
511237,窝夫小子,39.9294987373859,116.428965863091,101276,甜点饮品
15920494,那茉蛋糕－北京店,39.9229376101368,116.515438605231,101276,甜点饮品
22464765,金色内蒙古,39.9325241777945,116.423341641132,100970,商超生鲜
82680978,魜美海味鲜（安定门内店）,39.9423112414896,116.405174571824,101327,烧烤炸鸡
73593988,草木时空鲜花_北京,40.0469872740121,116.326694237307,101346,鲜花蛋糕
79677673,名果鲜切坊,39.8949900673103,116.456393272555,100970,商超生鲜
75675352,烧烤客栈,39.9321788517439,116.305844857973,101327,烧烤炸鸡
13734266,安安佳美蛋糕店,39.9931984932869,116.2948684791,101276,甜点饮品
90329858,金牛蔬果鲜菜篮子,39.8832229205388,116.346113275575,100970,商超生鲜
77309021,野兽派鲜花蛋糕连锁北京店,39.9335877889079,116.405666976232,101276,甜点饮品
76383406,艾利兔蛋糕,39.9477013055681,116.468561123109,101276,甜点饮品
59133609,虾客坊(小龙虾外卖),39.8548319786406,116.400844745424,101327,烧烤炸鸡
77294658,花花大世界,39.9535440882944,116.437229260249,101346,鲜花蛋糕
75181051,花之恋鲜花（南路店）,39.8976270190996,116.223048955291,101346,鲜花蛋糕
18049428,鲍师傅糕点（新街口店）,39.9414059507889,116.366351560274,101276,甜点饮品
70789848,一语花香（colour鲜花店）,40.21225169522,116.235017988772,101346,鲜花蛋糕
65744235,快客鲜花,39.8969714185221,116.455748011178,101346,鲜花蛋糕
57274915,美涵鲜花总店,39.8925934853571,116.356873669791,101346,鲜花蛋糕
25034529,MusangKing猫山王,39.9912431666043,116.329184599442,101276,甜点饮品
69622595,妙木村馋嘴蛙,40.0280098871861,116.430502313025,101303,无辣不欢
67558962,老鬼龙虾（麻辣小龙虾海鲜外卖）,39.8764436778701,116.667309306839,101327,烧烤炸鸡
79269598,聚鑫源私房小龙虾,39.9076680486502,116.509045556905,101327,烧烤炸鸡
79452602,珍鑫鱻生鲜果蔬,39.8910373824225,116.467716269804,100970,商超生鲜
77294543,图拉米其林甜点 （朝阳店）,39.9160282222242,116.529108870554,101276,甜点饮品
90330915,鸿韵生鲜果蔬超市,39.9612365537517,116.337104564531,100970,商超生鲜
69075607,好记龙虾,39.8995046685891,116.480033633874,101327,烧烤炸鸡
66109224,柳清河果蔬超市,39.888082944567,116.451969652742,100970,商超生鲜
69220386,宽板凳老灶火锅（门头沟店）,39.9085223003757,116.104987706532,101303,无辣不欢
75183369,私人定制鲜花店,40.0526119240709,116.324628282266,101346,鲜花蛋糕
66787709,满天星花艺,39.8920938444657,116.198748586229,101346,鲜花蛋糕
57393884,海鲜师（麻辣鲜香）,40.0451529668996,116.402906249943,101303,无辣不欢
50561602,航通便利店,39.6624978257842,116.298755201394,100970,商超生鲜
65685667,世纪华联超市（蓝堡店）,39.9090490716308,116.469730066276,100970,商超生鲜
72465914,阳澄湖大闸蟹,39.9993250926527,116.400584573897,101327,烧烤炸鸡
66963515,花间派花坊,39.9743340591155,116.310235972193,101346,鲜花蛋糕
70446996,Tasty cake,39.8711270262809,116.432697705831,101276,甜点饮品
81375718,酸菜鱼回来了（火沙路店）,40.0939526764064,116.480146757637,101303,无辣不欢
67207124,二商大红门冷鲜肉（石榴派旗舰店）,39.8457144657896,116.413284411728,100970,商超生鲜
51628524,哈哈镜（安贞店）,39.9608534742825,116.410854404976,101327,烧烤炸鸡
77487979,烧烤e族,40.0505162917888,116.404758494812,101327,烧烤炸鸡
511142,香口鱼总店(小龙虾大闸蟹),39.9397033438251,116.416113619735,101327,烧烤炸鸡
67080988,芙洛拉鲜花绿植,39.896885911491,116.277094154673,101346,鲜花蛋糕
2445046,老北京涮肉(老灶火锅),39.9397736779328,116.417571415694,101327,烧烤炸鸡
69088877,水果切,39.984650824004,116.31279595951,100970,商超生鲜
79291619,花韵（玫瑰鲜花店）,39.9962377855326,116.329799560173,101346,鲜花蛋糕
4076134,麻辣村.麻辣香锅烤鱼,39.9406601741374,116.367750647309,101303,无辣不欢
90470105,品客千层蛋糕坊,39.8443456719823,116.359971573597,101276,甜点饮品
69845020,七月麦谷（旗舰店）,39.891431618554,116.415223720107,101276,甜点饮品
66459960,花卉大厅,39.896609231355,116.276835519994,101346,鲜花蛋糕
90423470,悠悠烧烤串爱虾,39.9541688312347,116.350391760097,101327,烧烤炸鸡
68239876,欧克蛋糕,39.9655260971726,116.341700039411,101276,甜点饮品
32493844,伊诺花房,39.9646578656961,116.444654373932,101346,鲜花蛋糕
70801403,营养鲜果庄园(交道口店),39.9401268836196,116.403963191899,100970,商超生鲜
68147168,果先生水果店,39.9459423854596,116.375610913567,100970,商超生鲜
6027860,麦香屋面包房,39.8992666162985,116.222866867129,101276,甜点饮品
27340749,超市发（双井店）,39.8951035930465,116.456199652891,100970,商超生鲜
67192148,百惠鲜花(总店),39.8258072135165,116.320726913594,101346,鲜花蛋糕
77260487,集渊居草原羊,39.897470631382,116.443181993694,100970,商超生鲜
77467491,唯美鲜花坊,39.9581186671335,116.43294519902,101346,鲜花蛋糕
77009846,农夫果园,39.8933034628652,116.220816469861,100970,商超生鲜
73606702,望京小腰烤吧（鼓楼店）,39.9429519995433,116.387924827677,101327,烧烤炸鸡
90354237,望京小腰(面范儿),39.9724391704037,116.415092252404,101327,烧烤炸鸡
69398943,鲜花婚庆,39.927436477511,116.257886952075,101346,鲜花蛋糕
82683153,唐老鸭水果,39.9553978781906,116.343764964631,100970,商超生鲜
76899338,食艺蛋糕烘焙坊,39.893818345195,116.499071177378,101276,甜点饮品
68019282,蛙蛙叫干锅年代（五道口店）,39.9918535249471,116.332681566107,101303,无辣不欢
5705313,恩之方甜品店,39.9316153474677,116.438006856581,101276,甜点饮品
65637072,金福花艺,39.838374937244,116.348178797413,101346,鲜花蛋糕
19801020,维思客蛋糕（六店）,39.9096466576638,116.289332008254,101276,甜点饮品
69952286,蛙辣哇啦（总店）,39.9642451057034,116.425100500471,101303,无辣不欢
67421615,望京小腰（东直门店）,39.9349562417115,116.417959529659,101327,烧烤炸鸡
69910942,维纳斯鲜花（北京通州店）,39.9135274223041,116.636168454049,101346,鲜花蛋糕
72449286,心花阁鲜花坊（北京总部店）,39.8291079004458,116.348565203938,101346,鲜花蛋糕
50735616,田归农快送水果（崇文门店）,39.8958167837137,116.420768377824,100970,商超生鲜
20897833,大菜刀定制蛋糕（双桥店）,39.902432343644,116.571397921961,101276,甜点饮品
48034245,小恒水饺（国贸店）,39.9067263463346,116.453369496541,101301,暖胃粉面
7315094,艾迪米斯蛋糕,39.9713766432678,116.343534415876,101276,甜点饮品
11298045,马甸花卉,39.9781860279747,116.38459885712,101346,鲜花蛋糕
16350795,康得利蛋糕房,39.7249191108459,116.13293776819,101276,甜点饮品
66310620,北京市马兴便民店,39.9194537380531,116.444690184562,100970,商超生鲜
79420393,老北京烧烤（北太平庄）,39.9803238042694,116.365171264155,101327,烧烤炸鸡
69951580,果鲜儿(德内店),39.9360756183252,116.366820591525,100970,商超生鲜
69917888,维纳斯鲜花（北京朝阳5店）,39.9207607369488,116.515451919143,101346,鲜花蛋糕
66300424,怡宝专卖店水站,39.7499694754336,116.540664166539,100970,商超生鲜
3042004,独一味万州烤鱼,39.9398259380143,116.411799963779,101303,无辣不欢
24757920,百合花苑（百子湾店）,39.8992916110144,116.494880651864,101346,鲜花蛋糕
27350042,繁花小筑•高端花店,39.8957989373429,116.445261699966,101346,鲜花蛋糕
66346409,公主参鸡汤,39.9927175417595,116.420509667682,100321,异国料理
80534258,老婆很芒,39.9053213559548,116.440128287449,101276,甜点饮品
67948031,哈哈镜（同城配送）,39.8830614492323,116.376371194265,101327,烧烤炸鸡
69864974,爱社团海鲜火锅烤肉,39.8920882171503,116.339980048938,101327,烧烤炸鸡
90398645,花鼠鲜花(北京),39.936877732713,116.365009042936,101346,鲜花蛋糕
79621166,智爱烧烤店（安定门店）,39.9411532662747,116.402017176579,101327,烧烤炸鸡
59729580,哈哈镜（双井店）,39.8973989033615,116.465783807073,101327,烧烤炸鸡
69228863,菜多多,39.8735345519314,116.35541665776,100970,商超生鲜
90562264,山东人海鲜,40.0461000792749,116.40351082617,101327,烧烤炸鸡
23864757,果實,39.9259176979297,116.40464636569,100970,商超生鲜
52622967,妮依然品牌鲜花店(北京),39.9707816598526,116.36645866212,101346,鲜花蛋糕
48011722,曹记海鲜水产行,40.046101100689,116.40351041118,101327,烧烤炸鸡
27034714,Miss Mousse精选法式甜品（三里屯SOHO店）,39.9310783726983,116.447130348004,101276,甜点饮品
21039073,花千束品牌鲜花馆（北京）,39.9511787612097,116.28251483247,101346,鲜花蛋糕
66881265,辣欢天麻辣香锅,39.8325042792236,116.383738296364,101303,无辣不欢
69315912,花鼠鲜花（凯旋大街）,39.7199880960028,116.131797773638,101346,鲜花蛋糕
17713532,兄弟龙虾（管庄店）,39.9149127649977,116.581721205318,101327,烧烤炸鸡
67186433,CFB啤酒炸鸡（新街口店）,39.9519761358009,116.365006121486,101327,烧烤炸鸡
69315904,花鼠鲜花（南十里居店）,39.9577491981146,116.487824642374,101346,鲜花蛋糕
80536033,遇见榴莲千层蛋糕专门店（中关村店）,39.976616207483,116.295456441651,101276,甜点饮品
66617669,勿忘我鲜花（一间花房）,30.4018832271349,114.878240847093,101346,鲜花蛋糕
79621537,花落谁家（丰台店）,39.8258283011927,116.319640402445,101346,鲜花蛋糕
72448722,好朋友蛋糕店,39.8924383214377,116.300375284694,101276,甜点饮品
13892022,起司家甜品芝士蛋糕全城配送店,39.9379655167214,116.390088779287,101276,甜点饮品
57698567,汪星客萌犬主题餐吧,39.988135273494,116.470593215705,101052,汉堡披萨
66617724,勿忘我鲜花（恒泽花店）,32.0474815782566,112.135510219164,101346,鲜花蛋糕
69315824,花鼠鲜花（东坝店）,39.9114252754389,116.533572892302,101346,鲜花蛋糕
513712,独门冲烤鱼烤串,39.9398758718259,116.420710691995,101303,无辣不欢
4196999,维尔纳斯意大利手工艺蛋糕,39.9472436226097,116.428681070449,101276,甜点饮品
59215914,蝶恋坊蛋糕,39.8067482935882,116.363750434714,101276,甜点饮品
58383889,清泰华水业,40.0323654732089,116.346141250042,100970,商超生鲜
75122341,橙姑娘榴莲千层蛋糕,39.9956903560136,116.396572860874,101276,甜点饮品
83590923,酷爱烧烤,39.9721070038307,116.315601203879,101327,烧烤炸鸡
21212300,三只龙虾,40.0410315300205,116.408504191332,101327,烧烤炸鸡
18216362,世纪华联超市（豆瓣胡同店）,39.9277242873933,116.425670118134,100970,商超生鲜
83431503,蓟门5号烧烤,39.9617323574145,116.342773243944,101327,烧烤炸鸡
69095525,鲜之每日（金源店）,39.9579682437293,116.275503526334,100970,商超生鲜
59027745,千层蛋糕,39.8916096484445,116.416415102826,101276,甜点饮品
58310156,炸鸡啤酒,39.9531123766079,116.452470953061,100321,异国料理
79421516,橙姑娘榴莲千层蛋糕,39.9755327228121,116.422708165344,101276,甜点饮品
66878423,优美鲜花,39.9129692813406,116.170305075645,101346,鲜花蛋糕
32485387,花渡鲜花,39.8780992166045,116.67801375939,101346,鲜花蛋糕
67824433,榴芒先生,40.0525678077455,116.403712681236,101276,甜点饮品
75142440,鲜棠cake蛋糕,39.9005757919412,116.556948104616,101276,甜点饮品
18080748,烧虾师（甜水园店）,39.9245229856939,116.478783888248,101327,烧烤炸鸡
69157354,颐佳榴莲千层蛋糕,39.9226219389715,116.353679568579,101276,甜点饮品
68993398,花田小匠鲜花,39.9257148331724,116.447244341194,101346,鲜花蛋糕
67523497,美丽契约鲜花（天怡鲜花分店）,34.8294990199496,119.116584159341,101346,鲜花蛋糕
76926102,活鱼（石榴园店）,39.845933702391,116.413610724924,100970,商超生鲜
62956107,蜜果の蜜制鲜饮,39.9477628294352,116.338341555231,101276,甜点饮品
80538751,东北大姐海鲜,40.0438480369366,116.402905416881,101327,烧烤炸鸡
69908882,维纳斯鲜花（北京海淀1店）,39.9171853524543,116.309703345177,101346,鲜花蛋糕
50665199,鼎卉鲜花(总部店）,39.9936321289701,116.401886418485,101346,鲜花蛋糕
69489061,阳澄湖大闸蟹（清蒸店）,39.9065076339174,116.338834708604,101327,烧烤炸鸡
90500239,夜宴烧烤,40.0282298115535,116.430459199567,101327,烧烤炸鸡
66419374,海鲜烧烤,39.8482610028314,116.278266675559,101327,烧烤炸鸡
69078491,浪漫鲜花店,39.8275621373934,116.353505952821,101346,鲜花蛋糕
59090960,艾咖啡蛋糕,39.868461495667,116.383166696281,101276,甜点饮品
69040142,面团（BHG百货阜成门店）,39.9227680602625,116.347962526693,101276,甜点饮品
23108422,粉红玫瑰鲜花店,40.1227771559995,116.262350186288,101346,鲜花蛋糕
90528026,台湾风味张记鸭脖,39.8503025729394,116.559123967539,101327,烧烤炸鸡
3083767,双流老妈兔头,39.8888147445699,116.455727973831,101303,无辣不欢
78977169,鳗鱼范儿MYFan,39.8850474106598,116.250245966083,100970,商超生鲜
67646321,超市发（万柳店）,39.9617051695597,116.294626891432,100970,商超生鲜
79255923,花好约缘鲜花店,39.840198435705,116.291138504298,101346,鲜花蛋糕
90042046,槿漫花卉,39.8446770414492,116.228020422102,101346,鲜花蛋糕
83591682,准缘烧烤,39.972485688984,116.325541194512,101327,烧烤炸鸡
90310815,日韩料理寿司,40.0074798704567,116.456155360347,100321,异国料理
90062687,京典尚东花艺工作室,39.9565534030976,116.327176597642,101346,鲜花蛋糕
9952551,四兴甜品,39.9805226538425,116.41079884382,101276,甜点饮品
69341460,遇见千层蛋糕专门店,39.9831330492619,116.327849686087,101276,甜点饮品
19614645,吉祥如意蛋糕店,39.8407618818569,116.391432866384,101276,甜点饮品
26945650,富乐顿酒庄一酒到家,39.8877674103399,116.457625061674,100970,商超生鲜
77295984,冯层层古早味千层蛋糕,39.9034988443797,116.633591650145,101276,甜点饮品
38320931,48时cake千层,39.9323160741734,116.340769249184,101276,甜点饮品
77289591,亲758烘焙艺术工坊,39.8770499703506,116.276997749115,101276,甜点饮品
90482779,海鲜惠（大闸蟹）,40.0449267867324,116.402212979877,101327,烧烤炸鸡
20953653,蛋糕博士烘焙公馆（莲花桥店）,39.8930867944672,116.303484775635,101276,甜点饮品
5586117,Secrets From Africa,40.0226613264246,116.507334106556,101276,甜点饮品
48162367,哈哈镜王老太配送站,39.8961553662848,116.46247779034,100970,商超生鲜
80619907,叶小叶（商务茶）,39.9716848962243,116.359211623087,100970,商超生鲜
57447829,SaintTreasureLe蛋糕,39.8701642082959,116.311572710444,101276,甜点饮品
2758504,簋街麻小.龙虾外卖,39.9398512831004,116.414883170285,101327,烧烤炸鸡
50769048,圣思汀花店,39.8879214846436,116.413619400169,101346,鲜花蛋糕
65969267,好食佬品质鲜果,39.9606338815192,116.338032598621,100970,商超生鲜
57745015,玉霞喜婚庆鲜花,39.8986863729435,116.656994816805,101346,鲜花蛋糕
67365788,The Boiling Crab 大长腿（狂野美式海鲜）,39.935443375454,116.447679324182,101327,烧烤炸鸡
14901515,玛利欧西点,39.9355132991738,116.342261657237,101276,甜点饮品
2938852,面香八方（双清路店）,39.9948507569848,116.328270235901,101301,暖胃粉面
8817471,炫肚ing·沁锅涮串(原芳誉斋),39.9865436702072,116.333789741368,101303,无辣不欢
79623778,广东炒粉,39.9919581076738,116.332369259271,101301,暖胃粉面
20781250,一锅香过桥米线,39.9809860871464,116.328399697105,101301,暖胃粉面
81756562,杭州小笼包(中关村店),39.9829337511206,116.301421780733,101301,暖胃粉面
76943762,好多果果,39.9876473907189,116.332846726871,100970,商超生鲜
79623963,韩国料理故乡菜包肉,40.0194680970903,116.340968740954,100321,异国料理
66083988,CFB炸鸡啤酒,40.0328706055934,116.311225382525,101327,烧烤炸鸡
2056255,梅子日本料理（清华店）,39.994353664584,116.324675564274,100321,异国料理
58198003,小嘿冒菜（五道口店）,39.9916305773905,116.332658646226,101303,无辣不欢
79437595,百货超市,40.0010179454898,116.308626154582,100970,商超生鲜
77000447,么么哒超市（水果切）,39.9903386391242,116.325297640165,100970,商超生鲜
90955638,山西刀削面,39.996815968146,116.333934112173,101301,暖胃粉面
512619,嘉和一品粥(五道口店),39.9911873689669,116.332247632478,101301,暖胃粉面
90965764,一碗情深麻辣烫炸鸡,39.9907924836749,116.316241245231,101303,无辣不欢
512916,红辣子精品湘菜（成府路店）,39.9906649089432,116.318388497287,101303,无辣不欢
40283174,Twin Windmills（双风车咖啡馆）,40.0018771736887,116.343076496798,101276,甜点饮品
69843608,沙县小吃,40.0528384840548,116.327458735511,101301,暖胃粉面
5499610,麻三辣四（麻辣香锅）,40.0072857458222,116.34787893686,101303,无辣不欢
66571319,名客佳大鸡排,40.0015878255737,116.309215787142,101327,烧烤炸鸡
60170362,遇叶（清华店）,39.9927228255732,116.333568454729,100321,异国料理
76759450,京美超市（学院路）,39.9986250454629,116.347926944998,100970,商超生鲜
79623458,味仙麻辣香锅,39.991984570073,116.332654610407,101303,无辣不欢
2416345,嘉和一品粥(清华店),39.9908472121884,116.317705038946,101301,暖胃粉面
65944578,望湘园(望湘园（北京五道口华联店）),39.9912590683617,116.33293806208,101303,无辣不欢
3896062,川满楼炒菜盖面,39.9981949204835,116.333927950851,101301,暖胃粉面
2273329,重庆高氏麻辣烫（六道口店）,39.9989679270291,116.344443007158,101303,无辣不欢
17887879,李先生加州牛肉面（北京清华照澜院店）,39.9974991917225,116.319131927942,101301,暖胃粉面
33522078,世纪华联超市（24小时）,40.0334837662529,116.342463764435,100970,商超生鲜
22356205,巫山烤全鱼（北语东门）,39.9929856637904,116.346505528732,101303,无辣不欢
25804782,张亮麻辣烫（苏州街店）,39.9793384185129,116.299403344507,101303,无辣不欢
509991,西园海鲜大酒楼,39.9955858682821,116.336171268401,101327,烧烤炸鸡
74617538,勺勺炸鸡（上地华联店）,40.0264259963931,116.305238286781,101327,烧烤炸鸡
75789437,缘心蛋糕坊（万柳店）,39.9626171909894,116.291476590681,101276,甜点饮品
76836924,叫个鸡,39.9959853353043,116.347820494321,101327,烧烤炸鸡
26142387,先花店（北京海淀区分店）,40.0344342319062,116.362096956709,101346,鲜花蛋糕
8031207,串串先生（中关村店）,39.9760386283594,116.306651602285,101303,无辣不欢
69419758,年年余老坛酸菜鱼,39.9917944187186,116.332739442794,101303,无辣不欢
90965180,江依林米线吧,39.9980475301285,116.334140492012,100321,异国料理
55007445,薇薇鲜花,40.0730941334788,116.402599947485,101346,鲜花蛋糕
18039986,小米粒粥铺（中关村店）,39.9795259015604,116.325914589817,101301,暖胃粉面
11562587,觅秘烧烤居酒屋,39.9909129130354,116.317337870122,100321,异国料理
2664487,中国兰州拉面清真（保福寺店）,39.9815785562248,116.328141214491,101301,暖胃粉面
50665497,美食美味炸鸡店,40.0081584284212,116.342203543831,101327,烧烤炸鸡
57475398,杨国福麻辣烫（中关村店）,39.9807803810747,116.328250066115,101303,无辣不欢
77709481,木木韩式料理石锅拌饭,39.981727645267,116.310830720167,100321,异国料理
82264135,骨汤麻辣烫,39.9969214327394,116.34595215564,101303,无辣不欢
13774184,水果先生（圣熙8号店）,40.0074119573832,116.347748182481,101276,甜点饮品
66362358,夜来香水果,40.0612281613109,116.320084662523,100970,商超生鲜
76883479,晓艾生煎（中关村店）,39.9796313384772,116.307274799948,101301,暖胃粉面
18772877,微咖啡（学研店）,39.9974598908629,116.329716594604,101276,甜点饮品
2900014,宏状元(成府路店),39.9950643424925,116.328482721773,101301,暖胃粉面
83589430,鲍师傅糕点（中关村店）,39.9812375510372,116.310891646543,101276,甜点饮品
69176063,九朝一品（科学院南路店）,39.9813894705623,116.318295882186,101301,暖胃粉面
75164392,望京小腰北航串吧,39.978026739147,116.340495033582,101327,烧烤炸鸡
514404,桃屋日本料理（五道口总店）,39.9961518184676,116.337820551606,100321,异国料理
69332845,赛百味,39.9866934867012,116.327543936473,101052,汉堡披萨
3195202,宝润缘粥饼家常菜,39.9987862175513,116.345443960455,101303,无辣不欢
32565422,德克士(五道口店),39.9918353719205,116.332231586556,101052,汉堡披萨
50315945,张亮麻辣烫(保福寺店),39.9740270911897,116.314990347897,101303,无辣不欢
69894203,八分饱（香辣虾）,39.99195657312,116.332653616209,101303,无辣不欢
83589221,杨国福麻辣烫（中关村大街店）,39.9813918347693,116.310736970851,101303,无辣不欢
2056765,金凤成祥(五道口一店),39.9912584967662,116.328486196495,101276,甜点饮品
77444989,优优西餐屋,39.9917749464416,116.332459079257,101052,汉堡披萨
68210945,刁四藤椒麻辣烫,39.9919153065994,116.332264501869,101303,无辣不欢
69688620,烧烤一品,40.0527144160004,116.402437074841,101327,烧烤炸鸡
3081034,金凤成祥(五道口三店),39.9952029827526,116.328668279064,101276,甜点饮品
73622292,美味粥吧,40.0057321852741,116.340151251232,101301,暖胃粉面
91587106,馋猫蛋糕店,39.907991066807,116.30183234838,101276,甜点饮品
36912008,张亮麻辣烫（国奥店）,40.0085509863951,116.365685919823,101303,无辣不欢
18025909,小家餐厅（六道口店）,40.0001222454627,116.353386236357,100321,异国料理
13854188,首尔798,39.9914269920319,116.330324971596,100321,异国料理
76880565,奶茶嫁给粉,39.9791447842494,116.309743454797,101301,暖胃粉面
58678759,赤桥麻辣签到,39.973920751863,116.332953228371,101303,无辣不欢
19565696,裸奔披萨,39.9893579540609,116.471578570058,101052,汉堡披萨
18178519,纳斯卡咖啡（五道口）店,39.9874646094067,116.327463024489,101276,甜点饮品
39641424,极速汉堡,39.9989737358568,116.34397498163,101052,汉堡披萨
48067285,回味拉面馆（清真）,39.991113555239,116.324803679646,101301,暖胃粉面
69141020,中国兰州牛肉拉面（清真）,39.981760374052,116.308292314346,101301,暖胃粉面
3685561,沙县小吃（中关村店）,39.9797927783685,116.322850613074,101301,暖胃粉面
79676035,北京五月韩国料理（参鸡汤店）,40.0275386109309,116.43030297895,100321,异国料理
90099086,品尚鲜卤肉饭,39.9840882730931,116.332987859959,101301,暖胃粉面
3867190,老马富贵拉面（清真）,40.0163738930717,116.309896418516,101301,暖胃粉面
77360185,缘心蛋糕坊（小营店）,40.0348353245909,116.330150856022,101276,甜点饮品
90967019,西苑便民菜站,39.9954560892366,116.289385167199,100970,商超生鲜
4230795,潜渊(紫菜包饭),39.9820137890309,116.327486661088,100321,异国料理
68184085,三嫂薄皮包子,40.0073384070467,116.349299115128,101301,暖胃粉面
59115286,手工水饺,39.9971031677648,116.346103822535,101301,暖胃粉面
17726841,杨国福麻辣烫（五道口店）,39.9917703543474,116.330126380978,101303,无辣不欢
80989000,大妈水饺,39.9840843032055,116.332971896499,101301,暖胃粉面
23332532,口福小炒,40.0005364847356,116.367275738218,101301,暖胃粉面
1754968,新加坡美食鼎好美食广场,39.9826854323936,116.308240311451,100321,异国料理
516286,赛百味（财智国际大厦店）,39.9863906751984,116.327509444042,101052,汉堡披萨
22961025,一心向膳烤猪蹄（五道口店）,39.9921495044535,116.333753111923,101327,烧烤炸鸡
79420816,九嘉九炸鸡,40.0055950982863,116.340203156514,101327,烧烤炸鸡
68078273,邱比特蛋糕,40.0548359489205,116.408826673198,101276,甜点饮品
67630485,奶盖贡茶（大运村店）,39.9758513572106,116.336663991148,101276,甜点饮品
77461342,完美榴莲千层,39.9988347729457,116.34395703681,101276,甜点饮品
76846432,首迩紫菜包饭（中关村店）,39.9790196109229,116.307140169157,100321,异国料理
73427022,味芝客,39.9914132923952,116.331222928881,101276,甜点饮品
16833594,老大同刀削面,39.987767031183,116.316299636738,101301,暖胃粉面
10332056,ZOOCOFFEE（硅谷大厦店）,39.9859668485578,116.298996328703,101276,甜点饮品
27473357,哈哈镜（中关村店）,40.0018256054591,116.309328508887,100970,商超生鲜
1948114,全面俱到（清华科技园店）,39.9939042307361,116.323350674212,101301,暖胃粉面
50258855,塔莎花苑（鲜花咖啡）,39.9901069639781,116.33089683638,101276,甜点饮品
73977525,无名元米粉（学府美食城）,39.9917747953647,116.332008100603,101301,暖胃粉面
23911071,酒便利(清河五彩城店),40.0331473935679,116.329633253034,100970,商超生鲜
56569601,贡茶,40.0058588679462,116.346647599756,101276,甜点饮品
2242231,胜负韩国料理,39.9984778003233,116.333985784917,100321,异国料理
45488097,韩食轩韩国料理,40.0109247678052,116.345393517459,100321,异国料理
90555213,汤火功夫麻辣烫（五道口店）,39.9984238585185,116.333955859032,101303,无辣不欢
2524246,麻辣诱惑（五道口店）,39.9912477637764,116.33310069641,101303,无辣不欢
76738698,夕禾饺子,39.9789955426533,116.309876180416,101301,暖胃粉面
22140663,疯狂披萨（清华园店）,39.9935258662443,116.324588868889,101052,汉堡披萨
21829450,酒便利(上地店),40.0310396885722,116.31334985118,100970,商超生鲜
65607859,龙腾川湘,40.0165580337123,116.314588883436,101303,无辣不欢
23099282,港记甜品（林大店）,40.0056701966146,116.341266858694,101276,甜点饮品
2404300,正一味(五道口店),39.9909174727448,116.333263371415,100321,异国料理
16983185,壹加壹炸鸡,39.9827142379238,116.327759945074,101327,烧烤炸鸡
2899978,肯德基宅急送(双清路店）,39.994847021861,116.328131554367,101052,汉堡披萨
1936129,恒河印度餐厅（成府店）,39.9912590683617,116.33293806208,100321,异国料理
27289045,FitBuddy健康伙伴,39.9917944168448,116.33274044054,101052,汉堡披萨
6448650,沙县精品（千食百味）,39.9770885815459,116.331382383936,101301,暖胃粉面
18344151,北京玛莉莎花艺园,39.9766785390889,116.372963765512,101346,鲜花蛋糕
66934511,转点pizza（志新路）,39.9922586716347,116.349537570386,101052,汉堡披萨
76913810,关刀即时捞冒菜（中关村店）,39.9803821779807,116.306254910874,101303,无辣不欢
66398914,泉月九宫格（麻辣香锅）,40.0136078307023,116.343546015357,101303,无辣不欢
69181394,首迩紫菜包饭（北京语言大学店）,39.9922793050936,116.338743022649,100321,异国料理
69719030,知味湘,39.9827833754007,116.319357272095,101303,无辣不欢
77289737,心语鲜花(朱辛庄店),40.097601633917,116.305803078803,101346,鲜花蛋糕
6040805,laker‘s披萨(五道口店）,39.9908000477506,116.317791846319,101052,汉堡披萨
59158340,周黑鸭(北京五道口华清嘉园店),39.9911181585313,116.329191599286,101327,烧烤炸鸡
4233334,龙腾轩,40.0086303484046,116.345700179748,101303,无辣不欢
79312475,抚顺麻辣拌,40.0014257583342,116.309255719673,101303,无辣不欢
67868497,一品香韩国料理炸鸡,40.003809376276,116.345809569895,101327,烧烤炸鸡
4684388,吉野家(五道口店),39.9908629688398,116.332999972594,100321,异国料理
79470787,爱尚炸鸡（清华东路店）,40.000010055754,116.354167813903,101327,烧烤炸鸡
76947441,全时便利店-林业大学店,40.0054864276447,116.342291788098,100970,商超生鲜
76861761,吉鑫园林鲜花店,40.0364283288907,116.280807654715,101346,鲜花蛋糕
5284183,鸿毛饺子（保福寺店）,39.986619440223,116.32704708697,101301,暖胃粉面
69038192,极速凡仔汉堡,40.0529303290445,116.402155930019,101052,汉堡披萨
5311691,红辣椒（凉皮先生）,40.0008806537726,116.309324636672,101303,无辣不欢
76861610,快买酒(利民华明店),39.9888459513518,116.310510533203,100970,商超生鲜
74603871,小亮挪威三文鱼,39.8969755814221,116.416612661451,100321,异国料理
90097459,爱尚麻辣烫（知春路店）,39.9739941197696,116.332755665218,101303,无辣不欢
90552161,898炸鸡,39.9963143398543,116.397043832007,101327,烧烤炸鸡
76755011,敏丁拌饭馆,39.9919360673039,116.332391212381,100321,异国料理
3706972,戈壁人家米粉（中关村店）,39.9823076614233,116.309203246828,101301,暖胃粉面
27374916,庆丰包子铺（志新路）,39.9925800554104,116.359926776426,101301,暖胃粉面
9004549,巫山烤鱼家常菜（中关村店）,39.9759686016621,116.315730422586,101303,无辣不欢
90047736,快买酒（水鑫圣叶店）,39.9910705148816,116.326389035611,100970,商超生鲜
67925712,麻辣香锅烤鱼坊,40.0619372878401,116.270950640228,101303,无辣不欢
22393739,渝品味美食,39.9999412905861,116.345371961455,101303,无辣不欢
40018260,无名缘米粉（圣熙店）,40.0074300279376,116.347705266169,101301,暖胃粉面
17812756,地下铁（旺角站）,39.9910918404389,116.327263023981,101276,甜点饮品
8988572,CoCo都可茶饮（五道口华联店）,39.9908629688398,116.332999972594,101276,甜点饮品
76849279,云歌贡茶（中关村店）,39.9791532678633,116.307323753892,101276,甜点饮品
50375124,过桥米线（圣熙店）,40.0071721439888,116.347642425046,101301,暖胃粉面
68074685,凉皮先生（五道口1店）,39.9999360869883,116.346079511239,101301,暖胃粉面
18673674,美丫妈妈起司蛋糕（五道口店）,39.9910153976275,116.333301273527,101276,甜点饮品
79265392,杠上开花 串串香,39.9921799895254,116.332427100197,101303,无辣不欢
75180607,micat薄荷猫美式冻酸奶（食宝街店）,39.9794661854242,116.307361632188,101276,甜点饮品
25054648,姐妹土豆粉,40.0002468892608,116.347377839397,101301,暖胃粉面
73391928,叫了个炸鸡（六道口店）,40.0008344081816,116.347052420533,101327,烧烤炸鸡
91005616,老北京包子,39.9967909580315,116.333940101886,101301,暖胃粉面
2253889,火鬼披萨（五道口店）,39.9905671714503,116.330777050653,101052,汉堡披萨
22594842,BunnyDrop白兔糖咖啡西餐（五道口店）,39.9912001662168,116.327613206132,101276,甜点饮品
67255663,重庆麻辣烫,40.0059353516496,116.341173025982,101303,无辣不欢
91005480,CFB炸鸡啤酒（上地华联店）,40.0386451598701,116.259591972197,101327,烧烤炸鸡
66792052,书和咖啡,39.9742163097919,116.311171908502,101276,甜点饮品
67007998,单县羊汤,40.0073168985725,116.347786118626,101301,暖胃粉面
90376665,食为鲜（上地店）,40.0322853809504,116.337694231465,100970,商超生鲜
77135440,辣滋味铁锅吧,39.9797210699783,116.299595908181,101303,无辣不欢
69843984,royaltea皇茶（御品贡茶）,39.9753972968679,116.339686116325,101276,甜点饮品
83206659,一丁目超市,40.0139571872694,116.338283856866,100970,商超生鲜
8981681,文记金牌烤肉,39.9745971510664,116.3186060301,101327,烧烤炸鸡
32843127,金釜山紫菜包饭盐酥鸡,39.9758841016464,116.347260179736,100321,异国料理
66429899,南城香（中关村）,39.975886778228,116.315639639265,101301,暖胃粉面
21909401,无名缘米粉,39.9918129748718,116.332443110561,101301,暖胃粉面
79427180,幸福彩虹蔬菜水果超市,39.9996325911474,116.347572526445,100970,商超生鲜
90041560,麦田坊蛋糕店,39.8569212385592,116.479846232263,101276,甜点饮品
68173953,邂逅冒菜,39.9828924518424,116.327644188134,101303,无辣不欢
6065593,大拇指面馆,39.9807131324935,116.328381772778,101301,暖胃粉面
66325573,尚品披萨,39.9990672418746,116.347797148248,101052,汉堡披萨
10330755,第1佳大鸡排（圣熙八号店）,40.0072401244814,116.34886298669,101327,烧烤炸鸡
69702918,麦堡王（中关村店）,39.9812247450081,116.299169577432,101052,汉堡披萨
90287658,干鲜果蔬超市,40.01363629427,116.341573189057,100970,商超生鲜
17850191,阳光乐购,39.9897306430626,116.329493085917,100970,商超生鲜
59880422,LUSH（成府路店）,39.9912237092074,116.330478647077,101052,汉堡披萨
91016804,一期一会蛋糕,39.9676643757829,116.513498240778,101276,甜点饮品
14740147,汉堡谷,39.9867512878682,116.32764669327,101052,汉堡披萨
13769513,杨裕兴（五道口店）,39.9919731110056,116.327625080873,101301,暖胃粉面
1754941,卜蜂莲花（成府路店）,39.9921882757059,116.327011462942,100970,商超生鲜
515381,海底捞火锅外送（牡丹园店）,39.9775075349843,116.36228594025,101303,无辣不欢
67850294,糖果花坊,39.9848010767228,116.338489527505,101346,鲜花蛋糕
76845415,北京粥饼（中关村店）,39.9794509913016,116.307467404236,101301,暖胃粉面
76358194,FCJ炸鸡＆啤酒,40.0189946191865,116.30836445898,101327,烧烤炸鸡
69252154,唇辣号（冒菜，火锅）,39.9989825211961,116.344098722227,101303,无辣不欢
79615964,暖心料理炸鸡,39.9755095341922,116.304516242374,101327,烧烤炸鸡
5928428,晨香源一品粥（月泉路一店）,40.0136381351938,116.343370380273,101301,暖胃粉面
17961329,沙县小吃（财智店）,39.9867108224439,116.327891137471,101301,暖胃粉面
58350845,Cafe de Paris帝佰利（五道口店）,39.990813206132,116.333408058522,101276,甜点饮品
77315930,Twelve Stations新西兰乳酪,39.991284966192,116.332991937154,101276,甜点饮品
65978103,月卿云客（日式料理）,39.9987891374,116.345490863633,100321,异国料理
9040688,明洞排骨(流忙村),39.9922521148095,116.33289104218,100321,异国料理
75159705,奇豆之恋·饮品店,39.981837657631,116.310821726281,101276,甜点饮品
58564031,巴黎贝甜（西翠路店）,39.8988539575073,116.273455310855,101276,甜点饮品
90601007,烧烤乐园,39.9509643921447,116.29852283312,101327,烧烤炸鸡
32774211,杨国福麻辣烫（志新路店）,39.9921638542762,116.360827369953,101303,无辣不欢
511846,伊喜外卖,39.9888557642903,116.358803113268,101301,暖胃粉面
73394239,瑞瑞鲜花店,40.0391936625266,116.322544790716,101346,鲜花蛋糕
90056977,司烤堂烧烤（五道口店）,39.9871299482543,116.3632152862,101327,烧烤炸鸡
17941314,艺术蛋糕,40.029995232198,116.320933669949,101276,甜点饮品
21379842,港饮小镇（北语店）,39.9940471684566,116.337131337675,101276,甜点饮品
67831792,叫个鸡高端炸鸡店,39.9855954561836,116.336079741178,101327,烧烤炸鸡
90113754,金牌烧烤店,40.0283604432183,116.430217706209,101327,烧烤炸鸡
76085946,传厨螺蛳粉（五道口店）,39.9915872176535,116.330730028285,101301,暖胃粉面
65920425,饺子缘,40.0071850992238,116.348272165165,101301,暖胃粉面
565909,五方院,39.9909196814627,116.317458593339,101303,无辣不欢
2410459,西门烤翅家常菜,40.0007355281481,116.30939549884,101327,烧烤炸鸡
57177871,川湘小炒,39.9858834501956,116.29864803581,101303,无辣不欢
3550024,麻辣烫,39.9825203502987,116.310276749528,101303,无辣不欢
77233731,星辰花土豆粉,40.0074058210048,116.348434813646,101301,暖胃粉面
66731457,重庆小面,40.0059560716476,116.340209097733,101301,暖胃粉面
91003526,米堡工厂（五道口店）,39.9918984312305,116.332730449913,100321,异国料理
2404204,快乐柠檬（北京五道口店）,39.9911192905064,116.333356136666,101276,甜点饮品
65808817,快客披萨,39.9656150222752,116.305018419745,101052,汉堡披萨
75061166,诱一嘉骨汤麻辣烫,40.0075636424166,116.347933791754,101303,无辣不欢
59138661,恒大冰泉直销店,40.0498279823854,116.318438890027,100970,商超生鲜
2935249,争鲜回转寿司(成府店),39.99229518911,116.327054350836,100321,异国料理
73662310,小米辣火锅烧烤,40.0242889837114,116.340343473142,101327,烧烤炸鸡
67379425,优意客披萨,39.9904566916692,116.325267694165,101052,汉堡披萨
77265061,父与子小屋（撸啊撸烤串）,39.9918083009406,116.333335096599,101327,烧烤炸鸡
69004835,金玉缘过桥米线,39.9905082968549,116.324951416027,101301,暖胃粉面
67898803,杨国福麻辣烫,39.9769066798193,116.329751122629,101303,无辣不欢
69048310,Les Fruits Rouges,39.9781715475147,116.30819575298,101276,甜点饮品
67791964,比萨家族（上地店）,40.0367989843805,116.311980199307,101052,汉堡披萨
79615258,台湾第1大鸡排（中关村店）,39.971439625985,116.32518629005,101327,烧烤炸鸡
21799477,碳花烤翅,39.991680621788,116.345971783094,101327,烧烤炸鸡
67969302,小红果（中关村店）,39.977358477478,116.309410414634,101276,甜点饮品
511023,满盆香水煮鱼,39.9908898135131,116.318954171932,101303,无辣不欢
69856486,披萨意工坊,40.0525265577484,116.402901302118,101052,汉堡披萨
4796138,巴渝川菜,40.0136433263911,116.343260610411,101303,无辣不欢
73545994,披萨革命（中关村店）,39.9836623025372,116.321976137776,101052,汉堡披萨
18000740,赛百味（中关村店）,39.9795058545321,116.32593953496,101052,汉堡披萨
79428093,假日花坊鲜花店,40.0072969567998,116.348963780477,101346,鲜花蛋糕
5171077,哈根达斯(北京五道口店),39.9913347040455,116.332949327041,101276,甜点饮品
2372335,美都波（韩式烤肉）,39.9956677319651,116.334086914667,100321,异国料理
513406,大杜满腹,39.9956147717976,116.29402376901,100321,异国料理
23892362,杨国福麻辣烫（大屯路店）,40.0001168983362,116.369640702431,101303,无辣不欢
56879196,伊兰桂坊中华兰州牛肉拉面（清真）,39.9752718411624,116.299831990497,101301,暖胃粉面
38206335,哈哈镜（三元桥店）,39.959400831188,116.44305082405,101327,烧烤炸鸡
75661379,缘心蛋糕坊（苏州街店）,39.9555763176274,116.30276344944,101276,甜点饮品
90024896,味好美味手工Pizza坊,39.9495060447589,116.326465123921,101052,汉堡披萨
90058214,披萨工廠Pizza Factory（五道口店）,39.9923783455377,116.3327653102,101052,汉堡披萨
90041498,壹殿仟麺,40.00733724422,116.348180328643,101301,暖胃粉面
76091961,德州扒鸡（五道口店）,39.9881544436108,116.33068656283,100970,商超生鲜
18967413,GANSO元祖蛋糕（望京西路店）,39.9953946346762,116.450253079562,101276,甜点饮品
67902385,锅说一次用油重庆老火锅（清华店）,39.9952930721464,116.328619379651,101303,无辣不欢
79712548,秘制家小龙虾,40.0456209633582,116.402980223453,101327,烧烤炸鸡
3668452,和庆斋火爆炸鸡店,40.0260559679428,116.330570015713,100321,异国料理
58577562,The Red House,39.9922224901459,116.334294885379,101052,汉堡披萨
18970966,京川婆婆骨汤麻辣烫（五道口店）,39.9996077550372,116.344526751656,101303,无辣不欢
76848905,阿呆的厨房（米粉，面条，咖喱饭）,39.979511308297,116.308377411674,101327,烧烤炸鸡
24766090,果麦（北京语言大学店）,39.9920843497717,116.339830681388,101276,甜点饮品
14197822,北京多乐滋瑞商贸有限公司,40.0761229510351,116.361993776829,101276,甜点饮品
17203536,大鸡排（北大旗舰店）,39.9872728440842,116.298384386474,101327,烧烤炸鸡
66249900,新西兰岩烧乳酪（五道口店）,39.9917197940298,116.329895913387,101276,甜点饮品
24824777,三秦味道,39.9830414641472,116.298123436791,101301,暖胃粉面
70599104,爱莱鲜花店,39.9679823530075,116.314980134088,101346,鲜花蛋糕
6598890,1+1意面工坊,39.9867326734179,116.298497229741,101052,汉堡披萨
57016019,云南过桥米线,39.9859497790817,116.298454413463,101301,暖胃粉面
18258975,江边城外烤全鱼(五道口店),39.9902884391584,116.33329537912,101303,无辣不欢
76903221,爱鲜果（中关村店）,39.9790248761903,116.307539301582,101276,甜点饮品
90105015,一品正港年大鸡排（学院路店）,40.0036582116439,116.345910382729,101327,烧烤炸鸡
58909283,晋味刀削面（黄焖鸡米饭）,39.9918051290946,116.332361296715,101301,暖胃粉面
19013087,周黑鸭(北京清华大学店),39.9934652755631,116.32698336562,101327,烧烤炸鸡
20926517,米乐家（五道口店）,40.0143696418817,116.340236966445,101052,汉堡披萨
17965041,经贸串吧（韩式炸鸡）,40.0087903073022,116.345720118462,101327,烧烤炸鸡
74620660,果腿儿鲜果切,40.0436632288868,116.350789578833,100970,商超生鲜
90554865,乌煎道黑龙茶,39.9805657392647,116.300324328677,101276,甜点饮品
17687675,小豆面馆(北大南门店),39.9849263566227,116.304955123261,101301,暖胃粉面
65873193,养亿人麻辣烫（北大南门店）,39.9849069891849,116.304605868772,101303,无辣不欢
16762123,站点比萨（中关村餐厅）,39.9812673648937,116.309921793113,101052,汉堡披萨
6967331,味多美（五道口店）,39.9917408260764,116.328827353901,101276,甜点饮品
38509652,淘虾记（中关村店）待删除门店,39.9763880550346,116.310193806584,101327,烧烤炸鸡
50319958,一锅香过桥米线,39.9919963633019,116.332232563905,101301,暖胃粉面
69039014,虾吃虾涮（五道口店）,39.9910279246301,116.318893294112,101327,烧烤炸鸡
2901229,必胜宅急送（双清路餐厅）,39.99486637941,116.32846778112,101052,汉堡披萨
90274621,胖阿姨花式炒饭,39.9969166490686,116.34641521159,101301,暖胃粉面
57732249,Yummy Box 美盒比萨（五道口店）,39.9911191370844,116.330782967143,101052,汉堡披萨
66869603,赞ing斜杠青年餐厅,39.9982808180691,116.333980821097,100321,异国料理
66038221,HappyChicken炸鸡,39.9861569360862,116.32889191423,101052,汉堡披萨
515003,千滋百味蛋糕甜品,40.0225144278944,116.284212301614,101276,甜点饮品
24346404,哈哈镜（圆西路店）,40.0222161114911,116.273167230916,100970,商超生鲜
69858802,乐记蛋糕坊,39.8782107418202,116.467622547664,101276,甜点饮品
32322953,枣糕王,39.9918649608184,116.331918292762,101276,甜点饮品
79709954,松鼠便利（清枫华景园店）,40.008566799219,116.341982960876,100970,商超生鲜
90493038,山里娃鲜花店,39.9201038562024,116.436907754786,101346,鲜花蛋糕
66050831,井冈人家,40.0078904187295,116.345678318906,101303,无辣不欢
26233438,馅多多饺子坊,39.9981713834063,116.334216306048,101301,暖胃粉面
5201155,约克比萨,39.9835553632315,116.363005062346,101052,汉堡披萨
66075414,巴不得韩式快餐,40.0193630742013,116.339311337505,100321,异国料理
68002985,不错三明治（五道口店）,39.9905443941083,116.332780508697,101052,汉堡披萨
67731529,AmazingBurger,40.0074587712768,116.347858954765,101052,汉堡披萨
3101473,晨香源一品粥（五道口店）,39.9981710168354,116.33334227236,101301,暖胃粉面
67630692,果真如此,39.9904632795684,116.324961398737,100970,商超生鲜
67311683,贝克汉堡,39.9739631153016,116.332226865153,101052,汉堡披萨
79601648,冯记老鸭粉丝汤,39.9917868080218,116.332001114912,101301,暖胃粉面
67405285,果而鲜水果超市,39.8617865815767,116.473416103358,100970,商超生鲜
69087720,온새미로(本色本样),39.9988271715203,116.345469901887,100321,异国料理
48010354,爱丁堡,39.9949540322011,116.311927605156,101052,汉堡披萨
66375821,D2咖啡,39.9794019687932,116.302510969163,101276,甜点饮品
66110053,炸鸡啤酒林萃路店,40.0119266647662,116.365828286208,101327,烧烤炸鸡
2337358,栗圣源精品油栗干果店,39.991651920109,116.327209076899,100970,商超生鲜
23593306,麻尚送麻辣香锅（五道口店）,39.9871349531172,116.363211291617,101303,无辣不欢
77223925,宜宾燃面&盖浇饭,39.9820854370662,116.327669232935,101301,暖胃粉面
19107806,缘来味重庆小面（清华东路店）,40.0011407097576,116.346864760954,101301,暖胃粉面
23365518,e佰超市,39.9900878152055,116.330447861363,100970,商超生鲜
2636752,徐记黄焖鸡麻辣烫（中关村店）,39.982951432272,116.327653160068,101303,无辣不欢
5989921,康师傅私房牛肉面(东源店),39.9917729671642,116.332448104341,101301,暖胃粉面
5734131,沙县小吃（中关村一桥店）,39.9850332299862,116.310446157029,101301,暖胃粉面
73576737,蜜芽春天蛋糕,40.0562368129993,116.408727415759,101276,甜点饮品
77263884,酒直供,40.0415214843016,116.325695231762,100970,商超生鲜
23183794,晨香源一品粥（学知园店）,40.0093621262101,116.344642269136,101301,暖胃粉面
90415690,慢半拍咖啡,39.9911855521728,116.327411670705,101276,甜点饮品
67329762,龙大虾·小龙虾·牛蛙（望京店）,39.9882639999277,116.477586513124,101327,烧烤炸鸡
5306282,首尔798（东源店）,39.9918738863037,116.330370810383,100321,异国料理
66467642,优溢源冻酸奶店,39.9908629688398,116.332999972594,101276,甜点饮品
65504764,百拿滋（三明治）,39.9866043396953,116.327622766816,101052,汉堡披萨
80541970,FAST BURGER(快汉堡),39.991859577181,116.332653628496,101052,汉堡披萨
67649231,啤器啤酒超市,39.9911717288663,116.327842683078,100970,商超生鲜
69757980,老火记香河肉饼过桥米线黄焖鸡,39.9524286853463,116.353064911818,101301,暖胃粉面
15992876,庆丰包子铺(蓝旗营店）,39.9909660935946,116.324058066164,101301,暖胃粉面
45329931,华清3号楼超市,39.9910358377756,116.329888018183,100970,商超生鲜
82249939,小狐鲜（北京店）,39.9891147210764,116.471850572568,100970,商超生鲜
90383622,果中果水果切,39.9900112607303,116.330742200541,100970,商超生鲜
5540268,老北京卤煮（中关村店）,39.9860280691158,116.298866580854,101303,无辣不欢
18148322,情香缘鲜花礼品北苑店,40.0320711218185,116.411934309417,101346,鲜花蛋糕
3699124,奕品风尚干锅辣鸭头（768店）,40.0077147214432,116.34609349137,101303,无辣不欢
47292664,蜀乡鱼府麻辣香锅,39.9868465436321,116.33709134117,101303,无辣不欢
2379367,巴黎贝甜（五道口店）,39.9913105946841,116.333189488119,101276,甜点饮品
57477733,Thank u mom五道口店,39.9912590683617,116.33293806208,100321,异国料理
65766182,车学长遇见铁板鸡（五道口店）,39.9908629688398,116.332999972594,100321,异国料理
22969286,站点比萨(五道口购物中心餐厅) ,39.9905899371821,116.33302295538,101052,汉堡披萨
22406053,小付咖啡,39.992098695793,116.341315481873,101052,汉堡披萨
19492573,千度韩国料理,39.9984018762269,116.333946882003,100321,异国料理
90415562,ACME BURGER极致汉堡,39.991935617117,116.332630670748,101052,汉堡披萨
19221001,杨国福麻辣烫（矿大北门）,39.9989438737951,116.343896150145,101303,无辣不欢
27152345,美味锅贴,39.9860128021033,116.29843943536,101301,暖胃粉面
27137205,嘉和一品粥（知春路二店）,39.972626592551,116.339029894823,101301,暖胃粉面
19222777,两口一串,39.9847502498977,116.305568834282,101327,烧烤炸鸡
80616197,香川麻辣小厨,39.9840953308341,116.332956928889,101303,无辣不欢
40793245,名客佳大鸡排（王庄路店）,39.9976484224292,116.333137799874,101327,烧烤炸鸡
5436342,鲜芋仙（五道口店）,39.9911797186097,116.330474661741,101276,甜点饮品
76880439,茶太良品（中关村店）,39.9790948793184,116.309693571223,101327,烧烤炸鸡
4503527,蝴蝶兰西饼店,39.989381790291,116.376639368883,101276,甜点饮品
68164162,沐菓MUCO（华清嘉园店）,39.9913752085691,116.329159639791,101276,甜点饮品
82881949,三嫂薄皮包子（中关村店）,39.9761003471582,116.306257444775,101301,暖胃粉面
90040318,大鱼小酸菜鱼（五道口店）,39.9909735059254,116.333244407063,101303,无辣不欢
11268300,展春园鲜果蔬便民服务,39.9881188736853,116.336882640829,100970,商超生鲜
58777530,欣欣果园,40.1323541020134,116.423440277619,100970,商超生鲜
80982120,居酒屋日本料理,39.9992182936063,116.344224430138,100321,异国料理
23355879,德克士雅酷店,40.0865681585489,116.33713853657,101052,汉堡披萨
8819555,汉堡王（五道口餐厅19195）,39.991387563559,116.327924468067,101052,汉堡披萨
43561400,小碗菜,39.9860275246722,116.298601111323,101303,无辣不欢
14198821,燃面and抄手,39.9748552128042,116.300776122099,101301,暖胃粉面
76901685,甜心兔子（中关村店）,39.9792230758598,116.307426521824,101276,甜点饮品
69778357,快乐果匠（五道口店）,39.991888157827,116.330754933387,100970,商超生鲜
80623036,噪咖（学院路店）,39.9969077876807,116.346333379301,101276,甜点饮品
69510868,贡茶（五道口店）,39.9911720266902,116.328734638344,101276,甜点饮品
69417276,付小姐在成都（六道口店）,40.0000138857232,116.345607468031,101303,无辣不欢
21142290,清真来一碗牛肉面酷串吧,39.9950843473553,116.328479726101,101301,暖胃粉面
23124435,两千斤重庆江湖菜,39.9912590683617,116.33293806208,101303,无辣不欢
67174801,麻辣速递苕粉,40.0002796148281,116.347541506253,101303,无辣不欢
20766494,快乐购网络超市（水果切）,39.9875617361581,116.334267538669,100970,商超生鲜
91079992,家园炸串吧,40.0019871083136,116.320634905908,101327,烧烤炸鸡
2404162,汉拿山（五道口店）,39.9901159513162,116.333026008667,100321,异国料理
66274137,pizza里,39.9917754926006,116.33270053314,101052,汉堡披萨
67103817,小七家饺子,39.9957989897394,116.291379601541,101301,暖胃粉面
67698114,京嘴儿（五道口店）,39.9911387796606,116.328340545477,101327,烧烤炸鸡
59004210,九本居酒屋（学院路店）,39.9917114767107,116.346648400904,100321,异国料理
72981128,诚一拉面（圣熙八号店）,40.007167087746,116.347676357644,101301,暖胃粉面
19224985,麻辣香锅,39.9843018956304,116.332651592459,101303,无辣不欢
90400036,一口川面（知春路店）,39.9773337926288,116.330736820927,101301,暖胃粉面
67328901,THE SAUCE（T8餐厅）,39.9963472055171,116.337604003137,101052,汉堡披萨
17233383,川友园麻辣香锅,39.9912590683617,116.33293806208,101303,无辣不欢
23162061,爱的味道蛋糕西饼屋（西苑店）,39.9954241605972,116.291280825966,101276,甜点饮品
20733873,鲜果时间（新中关购物中心店）,39.976867315121,116.309508260892,101276,甜点饮品
20634514,缘心蛋糕坊,40.0303708452527,116.291098760937,101276,甜点饮品
90322398,一家人麻辣拌,40.0025287624726,116.332843843686,101303,无辣不欢
23115510,状元过桥米线,39.9828054191601,116.327663155633,101301,暖胃粉面
2660929,北京麦当劳华清餐厅,39.9910869475381,116.327207152943,101052,汉堡披萨
69727589,南京卫岗龙宫,40.027102403241,116.305546541663,101327,烧烤炸鸡
2339536,麻辣香锅,39.9919702258809,116.332838197336,101303,无辣不欢
69269701,众惠利达超市,40.0140139411609,116.342329530515,100970,商超生鲜
58611824,悦宴酒楼,39.9828578148866,116.305850468727,101303,无辣不欢
39928597,比萨家族（天通苑店）,40.0654569182409,116.403305830232,101052,汉堡披萨
15112192,食尚比萨,40.0817382202631,116.336743028487,101052,汉堡披萨
8946485,美时中式面馆,39.9924945700215,116.326328993223,101301,暖胃粉面
18230232,哈里老伯伯现烘蛋糕店（圣熙8号店）,40.0074298985334,116.347783110242,101276,甜点饮品
5597966,驴肉火烧刀削面馆,40.0000183164692,116.369253205105,101301,暖胃粉面
18105494,德克士（回龙观店）,40.0778118217983,116.328571004431,101052,汉堡披萨
23201528,辣溢有道,40.0370793913759,116.328478397626,101303,无辣不欢
76827153,稻香村（苏州街超市发店）,39.9799226670489,116.299245588433,101276,甜点饮品
32705389,Melt in意大利手工冰淇淋店（北京华联农大南路店）,40.02706961167,116.305432789464,101276,甜点饮品
20707107,十七城重庆小面,39.9924190883565,116.332369200881,101303,无辣不欢
75110565,扶栏迷粉（宇宙中心店）,39.9860762554592,116.329251102636,101301,暖胃粉面
516103,多乐之日(五道口店),39.9918788463678,116.33039176199,101276,甜点饮品
2518099,鑫鑫胖胖烧烤店（韩式料理）,39.9962343618005,116.334272426165,100321,异国料理
75656638,牧羊人烧烤,39.9905318800974,116.325167914417,101327,烧烤炸鸡
2253070,千鹤居酒屋（五道口店）,39.9907371813631,116.330768049574,100321,异国料理
69315804,花鼠鲜花（亚运村店）,39.9770808756934,116.303735695332,101346,鲜花蛋糕
23751920,渝新味,40.0023146752361,116.309279554999,101303,无辣不欢
69737395,7分甜,39.9908240077172,116.333513818896,101276,甜点饮品
77012000,有味来小面（中式快餐）,40.0011777349804,116.346848788571,101301,暖胃粉面
74574776,鲍师傅糕点,39.980215174453,116.35397768695,101276,甜点饮品
82682304,杜氏麻辣烫,40.0003742785125,116.347741093894,101303,无辣不欢
56867494,coco都可（五道口地铁店）,39.9942141838352,116.328060796904,101276,甜点饮品
67802027,通鸡令-pizza（五道口店）,39.9917254084523,116.332214638898,101327,烧烤炸鸡
90975956,爱米屋三文鱼日料,40.028232811406,116.430459199184,101327,烧烤炸鸡
66104309,爱尚炸鸡店,40.0137197430202,116.3430201072,101327,烧烤炸鸡
24654040,山西刀削面（精美盖饭）,40.0002038474047,116.363648961541,101301,暖胃粉面
4504628,张师傅参鸡汤（五道口店）,39.9987922224032,116.345440965849,100321,异国料理
27000006,微咖啡（We Coffee）,39.9918432296043,116.324957233499,101276,甜点饮品
82015127,兴旺开心超市,39.986738145074,116.330875312806,100970,商超生鲜
76271140,比萨家族（回龙观店）,40.0667106043522,116.318639288715,101052,汉堡披萨
57297262,香送La Chanson（五道口站）,39.9899173001015,116.341590172166,101276,甜点饮品
67266202,不二螺精品螺蛳粉,39.9917096477201,116.332087927955,101301,暖胃粉面
65712689,第一佳大鸡排（五道口店）,39.9923602034624,116.332309343858,101327,烧烤炸鸡
17737795,彩虹寿司（知春路店）,39.9757443833248,116.336881215919,100321,异国料理
90453375,养香堂熟食&烤脑花（知春路店）,39.9780339103339,116.332248300213,101327,烧烤炸鸡
24649498,重庆霸王麻辣香锅,40.0004265635918,116.347568433461,101303,无辣不欢
19002931,菲尔蒂蛋糕生活艺术馆,39.9654569615349,116.383774953447,101276,甜点饮品
66435049,千福麻辣小龙虾烧烤,39.9654990641972,116.320402057078,101327,烧烤炸鸡
16970509,乌巢比萨主义主题餐厅（五道口店）,39.9921637807747,116.327793669759,101052,汉堡披萨
45469047,西门烤翅（西苑店）,39.9953486012635,116.289707619633,101327,烧烤炸鸡
65874827,山西人家刀削面,39.9875665217524,116.315523428038,101301,暖胃粉面
17965554,沙县小吃（展春园店）,39.985721377717,116.336662432633,101301,暖胃粉面
26969121,果香缘水果蔬菜店,40.0139360550499,116.338357111792,100970,商超生鲜
6850984,烟酒超市,39.9999257992295,116.363696925197,100970,商超生鲜
67790988,春亮麻辣烫,40.0082711403899,116.345831955403,101303,无辣不欢
77012744,缘心蛋糕坊（五彩城店）,40.028923925433,116.328939377456,101276,甜点饮品
23632610,无名缘米粉（保福寺桥店）,39.9826860598784,116.327853733457,101301,暖胃粉面
69027105,品椒嗨辣（北京店）,40.0176175255615,116.307366809425,101303,无辣不欢
14727694,西部马华牛肉面（学院路餐厅）,39.9916906670954,116.345944836921,101301,暖胃粉面
23885653,咖啡陪你（林大店）,40.0000529996712,116.342081834553,101276,甜点饮品
4117988,江依林烤串吧（五道口店）,39.9978817867033,116.334006813376,101327,烧烤炸鸡
82678905,水果先生（融科资讯大厦店）,39.9827261389338,116.320001798967,101276,甜点饮品
83060482,川味居(原重庆美食),39.991828276442,116.332282472227,101303,无辣不欢
69815615,故香思潮汕砂锅粥（清华店）,39.9948605147913,116.328396944208,101301,暖胃粉面
58531773,吉吉熊比萨(五道口店),39.9867742182718,116.327682607933,101052,汉堡披萨
83473328,华莱士,39.9917791977607,116.332325381308,101052,汉堡披萨
83525974,江同学烤蹄(五道口店),39.9917261586795,116.332347338336,101327,烧烤炸鸡
77272732,全时汇超市,39.993033511466,116.32686968164,100970,商超生鲜
9013727,东北老家烧烤,40.0428655160772,116.32512038567,101327,烧烤炸鸡
58275431,王婆大虾（圣熙八号店）,40.007450308534,116.348138397794,101327,烧烤炸鸡
90063338,熊小姐酸辣粉（粉＊面）,39.9917755263373,116.332682573732,101303,无辣不欢
67616965,阿福冰室（五道口店）,39.9905977273054,116.333134702219,101276,甜点饮品
3464671,老杨家炉包,39.999681705866,116.365410446795,101301,暖胃粉面
67460383,韩时烤肉(五道口店),39.9922437260931,116.332565778374,100321,异国料理
82684949,麻辣诱惑·小龙虾外送（上地店）,39.994541458766,116.308499249761,101327,烧烤炸鸡
90294805,麻辣诱惑·小龙虾外送（清华店店）,40.0107236788995,116.338644890809,101327,烧烤炸鸡
45344515,饭点儿3烤场,40.0084141696363,116.345810980144,101327,烧烤炸鸡
43882490,程果园超市,40.0138889641093,116.336766620833,100970,商超生鲜
90420062,小张烧烤店,39.9949677913196,116.360046276108,101327,烧烤炸鸡
90371547,鲜花婚庆,40.0190891835258,116.309135753838,101346,鲜花蛋糕
58207001,聚点串吧（五道口店）,39.9918712070515,116.332318385466,101327,烧烤炸鸡
75154099,Wuli花甲（五道口店）,39.9918818642073,116.331969175251,101327,烧烤炸鸡
74946833,全时便利店,39.9998383639156,116.345748389647,100970,商超生鲜
22276735,张亮麻辣烫(志新桥店),39.987176494076,116.362785934652,101303,无辣不欢
4282712,赛百味（清华附中店）,40.0095446859837,116.312832732786,101052,汉堡披萨
76974838,薯小弟起司马铃薯（五道口店）,39.9934289219651,116.327105757065,101052,汉堡披萨
18434371,易达便利哈哈镜（机场店）,40.0477019162541,116.588221078872,100970,商超生鲜
21819731,U鼎冒菜（农大圣熙8号店）,40.0075995316165,116.347999655594,101303,无辣不欢
9005518,山西面食馆,40.022823650613,116.341129967413,101301,暖胃粉面
6112313,四云奶盖贡茶（漾漾好）五道口店,39.9909362807507,116.330711153865,101276,甜点饮品
18359003,可C可D（鲜榨果汁）,39.991328850197,116.333052794214,101276,甜点饮品
3157528,一志寿司铁板烧（学院路店）,39.9928840793486,116.346262037258,100321,异国料理
73503467,东林桂林米粉,39.9989237881526,116.343946048429,101301,暖胃粉面
21107781,炊二哥冒菜,40.0072398124744,116.347840020566,101303,无辣不欢
75192053,比萨壮,39.9719298776264,116.315671067484,101052,汉堡披萨
511694,赛百味（金码大厦店）,40.0005743107278,116.347117322643,101052,汉堡披萨
77298300,慧聚咖啡（中西式简餐）,39.9924002763688,116.327006447592,101052,汉堡披萨
22175634,沙家辣鸭脖,39.9893954748994,116.407650163962,101327,烧烤炸鸡
75128356,继光香香鸡,39.9767271377793,116.309069245124,101327,烧烤炸鸡
57773173,24世纪华联超市,40.0613571612848,116.320080655372,100970,商超生鲜
\N,鲜肉果蔬超市,\N,\N,100970,商超生鲜
\N,小蹄大作（五道口店）,\N,\N,101327,烧烤炸鸡
\N,香香小屋(西式营养快餐),\N,\N,101052,汉堡披萨
\N,贝贝龙虾（回龙观店）,\N,\N,101327,烧烤炸鸡
\N,湘香腊辣（国奥店）,\N,\N,101303,无辣不欢
\N,故乡酒家冷面大王（北大店）,\N,\N,100321,异国料理
\N,Dr.Cake烘焙坊,\N,\N,101276,甜点饮品
\N,家润多美蛋糕房（羊坊路店）,\N,\N,101276,甜点饮品
\N,吉祥如意蛋糕店（双井店）,\N,\N,101276,甜点饮品
\N,烧虾师（工体精莱店）,\N,\N,101327,烧烤炸鸡
\N,南门重庆老灶火锅,\N,\N,101301,暖胃粉面
\N,明洞邦韩国料理（总店）,\N,\N,100321,异国料理
\N,人来人旺盱眙龙虾馆,\N,\N,101327,烧烤炸鸡
\N,三和精品私房菜,\N,\N,101303,无辣不欢
\N,烧虾师（望京麒麟社店）,\N,\N,101327,烧烤炸鸡
\N,齐天府超市,\N,\N,100970,商超生鲜
\N,拼豆夜宵（车公庄）,\N,\N,101327,烧烤炸鸡
\N,爱利飞幸食品店,\N,\N,100970,商超生鲜
\N,好利客超市,\N,\N,100970,商超生鲜
\N,焙客法式蛋糕,\N,\N,101276,甜点饮品
\N,明洞邦雪冰,\N,\N,101276,甜点饮品
\N,黄焖鸡米饭·重庆小面,\N,\N,101301,暖胃粉面
\N,约翰大叔披萨,\N,\N,101052,汉堡披萨
\N,辣尚瘾（五道口店）,\N,\N,101303,无辣不欢
\N,馨雨花韵花店,\N,\N,101346,鲜花蛋糕
\N,拼豆夜宵（中关村店）,\N,\N,101327,烧烤炸鸡
\N,薇奢花艺,\N,\N,101346,鲜花蛋糕
\N,未名鲜果切,\N,\N,100970,商超生鲜
\N,咱家东北菜韩式料理（始创于1993年）,\N,\N,100321,异国料理
\N,翔子驴肉火烧烤串,\N,\N,101327,烧烤炸鸡
\N,寿司道场（五道口总店）,\N,\N,100321,异国料理
\N,爱和面串串香,\N,\N,101327,烧烤炸鸡
\N,千百渡花艺旗舰店,\N,\N,101346,鲜花蛋糕
\N,小城渔家（上地店）,\N,\N,101303,无辣不欢
\N,兄弟烤羊腿家常菜,\N,\N,101327,烧烤炸鸡
\N,北京红杉假日酒店罗曼娜印度餐厅,\N,\N,100321,异国料理
\N,红辣椒串吧（清河店）,\N,\N,101327,烧烤炸鸡
\N,拼豆夜宵（奥体店）,\N,\N,101327,烧烤炸鸡
\N,稻香村（八家嘉园店）,\N,\N,101276,甜点饮品
\N,湘牛堂,\N,\N,101303,无辣不欢
\N,米字格新疆米粉（清华东路店）,\N,\N,101301,暖胃粉面
\N,mono cheese 摩诺芝士（五道口店）,\N,\N,101276,甜点饮品
\N,拼豆夜宵（定慧桥店）,\N,\N,101327,烧烤炸鸡
\N,陈立枣糕王（原五道口店）,\N,\N,101276,甜点饮品
\N,大学生烤串吧,\N,\N,101327,烧烤炸鸡
\N,立水桥海鲜市场鲜到家阳澄湖大闸蟹,\N,\N,101327,烧烤炸鸡
\N,花甜喜事鲜花婚庆（良乡店）,\N,\N,101346,鲜花蛋糕
\N,阿里烧烤私房菜,\N,\N,100321,异国料理
\N,1988Flower and coffee,\N,\N,101276,甜点饮品
\N,commune公社（五道口店）,\N,\N,101052,汉堡披萨
\N,拼豆夜宵（五棵松店）,\N,\N,101327,烧烤炸鸡
\N,拼豆夜宵（上地店）,\N,\N,101327,烧烤炸鸡
\N,拼豆夜宵,\N,\N,101327,烧烤炸鸡
\N,老冯烧烤城,\N,\N,101327,烧烤炸鸡
\N,望京小腰（中关村店）,\N,\N,101327,烧烤炸鸡
\N,烧烤驿站,\N,\N,101327,烧烤炸鸡
\N,醉湘楼,\N,\N,101303,无辣不欢
\N,陕北羊汤,\N,\N,101301,暖胃粉面
\N,洛可麦甜烘焙,\N,\N,101276,甜点饮品
\N,拼豆夜宵（清河店）,\N,\N,101327,烧烤炸鸡
\N,麦利红西饼屋,\N,\N,101276,甜点饮品
\N,私房虾,\N,\N,101327,烧烤炸鸡
\N,遇见烧烤（来点串吧）,\N,\N,101327,烧烤炸鸡
\N,爱的味道蛋糕（清河店）,\N,\N,101276,甜点饮品
\N,御贡贡茶（五道口店）,\N,\N,101276,甜点饮品
\N,甜心美思榴莲千层蛋糕,\N,\N,101276,甜点饮品
\N,咭唎咭唎（串烧）,\N,\N,101327,烧烤炸鸡
\N,嘉陵楼馋嘴城（簋街三店）,\N,\N,101327,烧烤炸鸡
\N,Queen’s 定制花朵,\N,\N,101346,鲜花蛋糕
\N,尚菲鲜花店,\N,\N,101346,鲜花蛋糕
\N,水果超市,\N,\N,100970,商超生鲜
\N,微国界,\N,\N,100970,商超生鲜
\N,欧阳串吧,\N,\N,101303,无辣不欢
\N,哈啾汉堡（清华店）,\N,\N,101052,汉堡披萨
\N,鲁宁大鸡排,\N,\N,101327,烧烤炸鸡
\N,金福达蛋糕,\N,\N,101276,甜点饮品
\N,伊诺鲜花馆北京二店,\N,\N,101346,鲜花蛋糕
\N,花开半夏鲜花店,\N,\N,101346,鲜花蛋糕
\N,八旗烤场,\N,\N,101327,烧烤炸鸡
\N,湘菜烤串,\N,\N,101327,烧烤炸鸡
\N,榴金岁月千层蛋糕芝士蛋糕（西直门店）,\N,\N,101276,甜点饮品
\N,魜美海味鲜,\N,\N,101327,烧烤炸鸡
\N,拼豆夜宵（亚运村店）,\N,\N,101327,烧烤炸鸡
\N,鲜果多（丰台店）,\N,\N,100970,商超生鲜
\N,诚信烧烤（知春路店）,\N,\N,101327,烧烤炸鸡
\N,果腿儿鲜果切,\N,\N,100970,商超生鲜
\N,有间虾铺,\N,\N,101327,烧烤炸鸡
\N,川湘味麻辣香锅,\N,\N,101303,无辣不欢
\N,田野语香（回龙观店）,\N,\N,101276,甜点饮品
\N,晚1点海鲜,\N,\N,101327,烧烤炸鸡
\N,都市烧烤（西三旗店）,\N,\N,101327,烧烤炸鸡
\N,泰式龙虾烧烤,\N,\N,101327,烧烤炸鸡
\N,丫米丫米创意蛋糕（西直门店）,\N,\N,101276,甜点饮品
\N,大学生烤串吧,\N,\N,101327,烧烤炸鸡
\N,喜乐挪威三文鱼,\N,\N,101327,烧烤炸鸡
\N,鲜花缘,\N,\N,101346,鲜花蛋糕
\N,果果来了鲜果切（西直门店）,\N,\N,100970,商超生鲜
\N,8度汉堡,\N,\N,101052,汉堡披萨
\N,金果果果蔬,\N,\N,100970,商超生鲜
\N,多美味蛋糕,\N,\N,101276,甜点饮品
\N,传厨台湾拔丝蛋糕（五道口店）,\N,\N,101276,甜点饮品
\N,山西刀削面,\N,\N,101301,暖胃粉面
\N,梦幻紫蛋糕店,\N,\N,101276,甜点饮品
\N,哇哦鲜果切,\N,\N,100970,商超生鲜
\N,沐百花卉店,\N,\N,101346,鲜花蛋糕
