id,deliverTime,distance,idshop,minDeliverFee,minFee,mtWmPoiId,name,shopOpenStatus,sold,star
1,30,0,2938852,5.0,20.0,378798,面香八方（双清路店）,0,275,46
2,35,0,8817471,4.0,15.0,1759644,炫肚ing·沁锅涮串(原芳誉斋),0,16,0
3,37,0,68062782,3.0,0.0,1383132,山城渝味,0,464,46
4,40,0,16458740,45.0,99.0,2272645,平价超市（木樨园店）,0,6,0
5,30,0,66701337,5.0,20.0,1009834,小渝府快餐（志新路店）,0,170,46
6,56,0,90960293,30.0,128.0,2188956,鲜果多(鲜切水果超市),0,23,0
7,66,0,27489486,30.0,300.0,612173,虾元素品质川菜（机场店）,0,535,47
8,50,0,76836306,40.0,0.0,1907283,惠民水果超市,0,152,45
9,50,0,72338357,23.0,30.0,1720639,哈哈镜水果超市（新街口店）,0,121,46
10,36,0,79623778,3.0,0.0,2054880,广东炒粉,0,838,48
11,56,0,5540043,60.0,39.0,2161670,稻香村（新发地店）,0,18,0
12,39,0,80620385,8.0,0.0,2089019,不二煎饼（牡丹园店）,0,1016,45
13,56,0,68169954,0.0,0.0,1414014,品酒品红酒旗舰店,0,69,50
14,39,0,20781250,5.0,0.0,140847,一锅香过桥米线,0,177,46
15,38,0,22414383,7.0,0.0,806064,江西瓦罐汤,0,807,44
16,41,0,81756562,7.0,20.0,2105419,杭州小笼包(中关村店),0,639,43
17,35,0,57161449,3.0,0.0,431147,加饭PlusFun(清华店),0,1159,47
18,40,0,66760361,25.0,200.0,1009812,红酒坊,0,14,0
19,96,0,76943762,5.0,50.0,13162,好多果果,0,29,48
20,60,0,23190531,30.0,0.0,966991,徐婷鲜花店,0,0,0
21,60,0,75158104,0.0,0.0,1846140,花为美鲜花（花儿陪你）,0,0,0
22,32,0,79623963,3.0,20.0,2054908,韩国料理故乡菜包肉,1,114,46
23,56,0,26208631,10.0,118.0,424765,猫蒲夜宴（西城店）,1,0,0
24,56,0,76081954,14.0,30.0,1885247,黍离农场,1,1,0
25,73,0,57481228,0.0,0.0,810473,伊诺鲜花馆,0,98,50
26,60,0,73429509,0.0,0.0,1709201,丽芝阳光鲜花坊,0,12,0
27,44,0,18283661,8.0,48.0,1889637,星巴克咖啡（一店）,0,1958,49
28,44,0,27305762,8.0,48.0,1889636,星巴克咖啡（二店）,0,3614,49
29,65,0,66083988,16.0,50.0,914484,CFB炸鸡啤酒,0,144,48
30,45,0,66565335,8.0,48.0,1889635,星巴克咖啡（三店）,0,1625,49
31,39,0,82259479,3.0,0.0,2115211,美食美客砂锅土豆粉,0,153,40
32,56,0,58685726,25.0,0.0,757522,海鲜兄弟美食汇,0,23,45
33,56,0,66648795,36.0,30.0,1002135,饭好吃,0,30,0
34,40,0,76676031,40.0,0.0,2123007,小龚香磨五谷膳食坊,0,0,0
35,82,0,79562608,0.0,0.0,2043195,彩虹坊蛋糕,0,141,45
36,78,0,72461821,25.0,78.0,1729322,辣天下烤鱼麻辣香锅外卖,0,63,44
37,33,0,2056255,5.0,15.0,546070,梅子日本料理（清华店）,0,800,47
38,96,0,69795252,20.0,80.0,1625248,鲜蛙馆（中关村店）,0,217,47
39,37,0,58198003,3.0,20.0,734698,小嘿冒菜（五道口店）,0,1277,47
40,30,0,2471557,5.0,20.0,290316,一品三笑（五道口店）,0,2017,48
41,56,0,79675161,0.0,0.0,2062560,维尼斯蛋糕（方庄店）,0,64,48
42,56,0,3641590,80.0,24.0,2379365,颐春堂（青年路店）,0,0,0
43,40,0,79437595,3.0,20.0,2024022,百货超市,1,3,0
44,47,0,67227618,6.0,20.0,1534316,胖哥俩肉蟹煲(北京五道口店),1,568,47
45,112,0,79705038,12.0,138.0,2066123,美味水果千层蛋糕,1,96,47
46,55,0,77000447,3.0,0.0,1946086,么么哒超市（水果切）,1,0,0
47,56,0,48391060,19.0,120.0,612144,壹瞳cake榴莲千层蛋糕,1,5,0
48,30,0,90955638,3.0,0.0,2379375,山西刀削面,1,92,42
49,56,0,82876156,25.0,160.0,2127328,约翰大叔▪比萨（龙跃店）,1,35,38
50,38,0,25042206,45.0,68.0,474543,康源超市,0,826,49
51,70,0,19688653,0.0,0.0,1515208,家润多美蛋糕房（羊坊路店）,0,67,45
52,43,0,59296355,2.0,0.0,805905,张姐烤肉脆皮鸡饭,0,10843,48
53,30,0,4058632,5.0,20.0,742311,小陕娃biangbiang面（五道口店）,0,197,47
54,32,0,512619,6.0,20.0,112741,嘉和一品粥(五道口店),0,2196,47
55,30,0,90965764,4.0,15.0,2383784,一碗情深麻辣烫炸鸡,0,23,46
56,30,0,512916,5.0,20.0,347821,红辣子精品湘菜（成府路店）,0,91,45
57,58,0,5149840,20.0,168.0,1698833,安顺成蔬菜水果,0,20,50
58,36,0,59159444,3.0,0.0,1603220,王妈面庄（原渝筷小馆）,0,209,45
59,61,0,76985470,50.0,89.0,1941515,生鲜果蔬超市（石榴庄店）,0,197,49
60,106,0,45402421,25.0,0.0,637155,阿杜海鲜,0,281,45
61,56,0,74628612,35.0,30.0,1681609,火来乐∙火锅外卖专家（北京店）,0,3,0
62,60,0,69615268,0.0,200.0,1876527,掌心花艺工作室cactusflower,0,1,0
63,140,0,67227774,0.0,0.0,1122752,小花匠,0,75,45
64,30,0,40283174,5.0,20.0,871942,Twin Windmills（双风车咖啡馆）,0,90,48
65,30,0,68055922,5.0,35.0,2150377,二人锅（五道口店）,0,1,0
66,37,0,90110669,3.0,0.0,2227850,馋小喵三汁焖锅,0,2205,46
67,68,0,69843608,7.0,128.0,295419,沙县小吃,0,344,44
68,30,0,5499610,5.0,20.0,1228574,麻三辣四（麻辣香锅）,0,166,46
69,56,0,90599981,78.0,0.0,2354140,恒瑞生鲜,0,1,0
70,56,0,76741495,26.0,50.0,1898480,国米水果店,0,0,0
71,51,0,66571319,6.0,20.0,986759,名客佳大鸡排,1,207,48
72,72,0,60170362,4.0,0.0,801679,遇叶（清华店）,1,0,0
73,35,0,69692213,6.0,20.0,1612201,山城宴遇,1,75,40
74,37,0,90110693,7.0,0.0,2227846,Sunshine Taste,1,1228,45
75,88,0,90040117,0.1,0.0,2210399,幸福鸟烘焙店,0,99,50
76,34,0,76759450,6.0,20.0,1938286,京美超市（学院路）,0,280,48
77,60,0,27471140,25.0,0.0,1997331,拾花记,0,0,0
78,55,0,83494332,5.0,0.0,2162817,馨食尚营养自选快餐,0,0,0
79,35,0,48692261,6.0,0.0,290492,原骨时代,0,2593,49
80,56,0,18031294,8.0,30.0,334621,Oumuni韩式炸鸡（商业中心店）,0,395,48
81,56,0,4516427,0.0,0.0,56493,米卡米卡蛋糕,0,144,48
82,48,0,79623458,5.0,25.0,2054696,味仙麻辣香锅,0,1161,45
83,60,0,68127678,30.0,0.0,2158074,花畦苗铺鲜花,0,32,46
84,56,0,68961259,19.0,168.0,1590678,悟辣火锅,0,9,0
85,227,0,3215671,0.0,0.0,182777,ebeecake小蜜蜂蛋糕,0,736,48
86,30,0,2416345,7.0,20.0,112693,嘉和一品粥(清华店),0,617,48
87,65,0,65944578,8.0,0.0,1193708,望湘园(望湘园（北京五道口华联店）),0,718,48
88,127,0,75136115,0.0,0.0,1837491,生日聚汇蛋糕坊,0,79,48
89,94,0,24958437,0.0,0.0,1017705,小贤家千层榴莲蛋糕,0,457,48
90,56,0,59061894,40.0,25.0,1928489,爱丽莎酒庄（百子湾店）,0,51,50
91,68,0,22980860,5.0,20.0,112640,丰四水果,0,346,48
92,40,0,45586126,0.0,88.0,590421,茶多美茗茶,0,12,0
93,41,0,56588932,3.0,0.0,501121,陕西羊汤,0,1608,46
94,68,0,73590735,39.0,100.0,1813720,妈咪棒韩式炸鸡（双桥店）,0,130,49
95,30,0,3896062,5.0,20.0,1193671,川满楼炒菜盖面,0,74,49
96,56,0,76847602,15.0,50.0,1911234,南粤大地水果批发,1,0,0
97,60,0,68125976,0.0,90.0,1386817,花花草草那些事儿,1,1,0
98,40,0,69498837,40.0,168.0,1564763,顺达超市,1,5,0
99,30,0,3896062,5.0,20.0,1193671,川满楼炒菜盖面,0,74,49
100,36,0,58757173,6.0,0.0,765377,FitBuddy健康伙伴,0,2228,47
101,37,0,2273329,3.0,15.0,2349279,重庆高氏麻辣烫（六道口店）,0,209,37
102,50,0,83611892,38.0,80.0,125955,哈哈镜国贸店,0,151,48
103,30,0,17887879,5.0,30.0,21736,李先生加州牛肉面（北京清华照澜院店）,0,478,47
104,37,0,33522078,12.0,35.0,485665,世纪华联超市（24小时）,0,163,47
105,40,0,72448920,50.0,0.0,1032774,北京溢香酒业,0,0,0
106,30,0,22356205,4.0,20.0,355653,巫山烤全鱼（北语东门）,0,105,44
107,37,0,69804142,3.0,0.0,1634222,咖喱小厨,0,31,0
108,53,0,68246752,8.0,38.0,1421361,丰四水果（中关村店）,0,66,46
109,70,0,90106847,20.0,45.0,2272444,百味蔬屋·轻食,0,171,48
110,100,0,68062571,40.0,0.0,1373947,狠角色阳澄湖大闸蟹,0,477,45
111,74,0,90420079,30.0,0.0,2279961,珍品汇海鲜（芍药居店）,0,73,50
112,50,0,66767157,69.0,0.0,1021830,月亮超市（十里堡店）,0,235,48
113,56,0,69516957,30.0,38.0,1568934,绿色食材,0,33,0
114,50,0,79560193,70.0,0.0,2035258,华都分割鸡蔬菜店（石榴园店）,0,85,50
115,89,0,43644759,25.0,128.0,489515,叫个鸭子（六里桥店）,0,55,49
116,31,0,25804782,7.0,0.0,372997,张亮麻辣烫（苏州街店）,0,118,41
117,44,0,509991,5.0,20.0,761490,西园海鲜大酒楼,1,0,0
118,36,0,69201411,3.0,0.0,1603304,小火慢炖排骨米饭,1,0,0
119,78,0,69895566,30.0,150.0,1668414,苏先生的虾（小龙虾外卖）,1,161,47
120,55,0,3269833,5.0,0.0,550719,渭河人家,1,10,0
121,56,0,67474953,8.0,50.0,1224634,芝士多披萨（物美店）,1,0,0
122,30,0,33597613,9.0,20.0,1445000,秦陇小馆（苏州街店）,0,408,47
123,74,0,74617538,8.0,20.0,1810007,勺勺炸鸡（上地华联店）,0,65,48
124,56,0,32375402,35.0,0.0,2310585,辣家私厨（双桥店）,0,35,40
125,82,0,18693142,35.0,0.0,202314,辣私房（小龙虾海鲜外卖）,0,1882,47
126,67,0,90489621,4.0,25.0,2307628,伊鸣快餐,0,266,45
127,56,0,75789437,0.0,0.0,1867758,缘心蛋糕坊（万柳店）,0,4,0
128,56,0,76836924,10.0,0.0,1907574,叫个鸡,0,75,48
129,60,0,26142387,10.0,0.0,986921,先花店（北京海淀区分店）,0,0,0
130,33,0,8031207,7.0,20.0,797459,串串先生（中关村店）,0,21,47
131,75,0,67637120,19.0,49.0,1243691,麻辣源（西坝河店）,0,387,46
132,49,0,6526138,40.0,35.0,485746,建国超市,0,492,48
133,50,0,65446748,31.0,58.0,1157517,家品进口小食,0,110,48
134,70,0,58631005,40.0,200.0,929552,猫山王榴莲甜品MusangKing（猫叔爱琴海店）,0,72,49
135,39,0,69419758,3.0,0.0,1634278,年年余老坛酸菜鱼,0,1665,46
136,56,0,67384578,8.0,0.0,1167158,榴莲榴趣,0,18,0
137,38,0,66184946,3.0,0.0,929560,原味觉醒,0,1986,48
138,69,0,2269702,25.0,100.0,745782,卓越烤鸭店,0,209,47
139,72,0,21069484,6.8,55.0,87690,世界迷浆,0,284,47
140,40,0,90105828,2.0,0.0,12826,张姐烤肉饭,0,3527,44
141,50,0,65645841,46.0,138.0,979719,便民水果蔬菜超市,1,0,0
142,61,0,90965180,3.0,20.0,1167138,江依林米线吧,1,52,45
143,62,0,68929444,30.0,168.0,1431235,九州达隆蔬菜水果,1,150,50
144,60,0,55007445,19.0,100.0,757294,薇薇鲜花,0,0,0
145,60,0,77491601,0.0,0.0,1545794,花美丽鲜花,0,70,50
146,36,0,18039986,4.0,0.0,784820,小米粒粥铺（中关村店）,0,3137,44
147,35,0,69868323,4.0,15.0,1651097,轻新派健康小份菜（财智大厦店）,0,508,45
148,55,0,11562587,6.0,20.0,893163,觅秘烧烤居酒屋,0,3,0
149,50,0,2664487,5.0,20.0,897500,中国兰州拉面清真（保福寺店）,0,50,50
150,56,0,69337145,9.0,35.0,1549571,榴莲爱上芒,0,16,0
151,49,0,43560701,40.0,30.0,485706,陆丰烟酒水果超市,0,536,49
152,37,0,65540062,7.0,15.0,2329672,牛肉范儿（中关村店）,0,1587,47
153,40,0,82866147,0.0,100.0,2126851,爱仕图尔美酒,0,0,0
154,71,0,66401182,65.0,20.0,1101269,百果园水果批发（八里桥）,0,89,47
155,74,0,19801024,0.0,0.0,497573,维思客蛋糕（五店）,0,88,44
156,60,0,79273405,0.0,0.0,2003976,IF品牌鲜花馆,0,0,0
157,64,0,69691581,3.0,40.0,1603473,欧麦面包坊,0,307,47
158,56,0,50665497,3.0,38.0,516128,美食美味炸鸡店,0,7,0
159,37,0,58711762,3.0,15.0,761839,沈阳小吃老崔麻辣拌,0,2261,47
160,60,0,26211834,0.0,0.0,818764,先花店(北京东城区分店),0,3,0
161,37,0,32843115,4.0,15.0,849906,麻辣香锅（中关村店）,0,209,44
162,42,0,57475398,4.0,0.0,572394,杨国福麻辣烫（中关村店）,0,707,43
163,50,0,68066402,33.0,108.0,1373815,吃货乐园,0,91,48
164,60,0,66989751,0.0,0.0,1061854,爱时最美鲜花,1,0,0
165,56,0,80993192,66.0,0.0,2098061,利丰水果经销部,1,0,0
166,64,0,67804265,15.0,0.0,145073,友谊鲜果,1,145,45
167,64,0,83437823,46.0,38.0,2144620,倍儿鲜挪威三文鱼·日料寿司,0,795,47
168,52,0,77709481,5.0,0.0,2054989,木木韩式料理石锅拌饭,0,84,46
169,60,0,68124944,0.0,0.0,1386544,魔幻鲜花,0,33,50
170,72,0,76986553,50.0,79.0,1941818,鲜肉蔬菜店（石榴园店）,0,117,45
171,56,0,67798365,28.0,288.0,1305041,春小果水果超市,0,7,0
172,56,0,79717343,29.0,80.0,2070044,海鲜厨房_小龙虾外卖,0,49,50
173,50,0,50684833,19.0,100.0,312373,食牛族私房牛肉外卖,0,461,47
174,168,0,69080157,0.0,0.0,1464811,啡法集会千层榴莲蛋糕店,0,48,50
175,50,0,63051702,30.0,110.0,823624,CFB炸鸡啤酒（亚运村店）,0,788,48
176,118,0,66151745,0.0,0.0,924838,幸福西饼蛋糕（朝阳店）同城配送,0,283,48
177,37,0,59125196,3.0,15.0,892971,好私烧便当,0,864,48
178,35,0,3172144,5.0,20.0,147828,姑姑宴（五道口店）,0,845,47
179,50,0,76738305,55.0,38.0,1894306,闪送超市•水果食品百货（大望路店）,0,230,46
180,52,0,80912754,35.0,80.0,2093254,麻辣九号（小龙虾麻辣香锅）,0,268,47
181,56,0,76348594,0.0,0.0,1876846,麦田斋西饼屋,0,10,0
182,31,0,82264135,3.0,0.0,2115350,骨汤麻辣烫,0,55,43
183,36,0,13774184,5.0,20.0,1053182,水果先生（圣熙8号店）,0,62,49
184,60,0,2596342,0.0,0.0,232978,凤城坊鲜花蛋糕店,0,1,0
185,89,0,59244466,0.0,0.0,828017,纽罗宾（东坝店）,0,48,48
186,60,0,91010116,0.0,0.0,2404800,淘花源花坊,0,6,0
187,35,0,4294925,3.0,15.0,665419,麦多馅饼五道口店,0,1010,48
188,85,0,66362358,26.0,89.0,951393,夜来香水果,1,80,42
189,50,0,57017800,15.0,40.0,2228192,志慧友水果超市,1,48,49
190,35,0,76883479,7.0,0.0,1932605,晓艾生煎（中关村店）,0,30,50
191,89,0,18215555,0.0,0.0,334364,味美思蛋糕店,0,54,48
192,30,0,5284421,3.0,20.0,866558,满座儿(清华店),0,332,42
193,50,0,13818394,15.0,78.0,1079151,亚美超市（哈哈镜vip店）,0,1562,48
194,228,0,69733202,0.0,0.0,1616791,卡诗曼蛋糕,0,184,47
195,55,0,18772877,6.0,20.0,470290,微咖啡（学研店）,0,0,0
196,56,0,67190454,22.0,0.0,1390924,秋之意寿司三文鱼,0,47,50
197,34,0,23869120,3.0,0.0,213879,老地方盖饭,0,1265,45
198,39,0,90351695,7.0,15.0,2256912,凉皮达人（中关村店）,0,637,47
199,39,0,83471344,3.0,0.0,1969370,桃园煲仔饭（五道口店）,0,175,48
200,120,0,32316403,25.0,100.0,608156,念客misscake蛋糕,0,64,50
201,60,0,72346324,8.0,49.0,1889473,幸福花艺花店,0,0,0
202,57,0,83471676,0.0,20.0,2150053,肉食主义,0,176,42
203,30,0,2900014,6.0,30.0,485,宏状元(成府路店),0,1147,47
204,113,0,22975123,15.0,150.0,960048,MUKU CAKE（日式蛋糕）,0,90,47
205,56,0,17678712,20.0,300.0,577506,1979烘焙店（朝阳大悦城店）,0,1,0
206,38,0,83589430,5.0,0.0,2180820,鲍师傅糕点（中关村店）,0,1431,47
207,30,0,69176063,5.0,0.0,1491676,九朝一品（科学院南路店）,0,5,0
208,32,0,5993271,7.0,20.0,47335,朵宜秘制排骨饭,0,470,49
209,45,0,24795487,0.0,0.0,684353,秦晋羊肉泡馍,0,761,45
210,41,0,67356614,4.0,20.0,1161233,樱花屋（清华店）,1,1080,47
211,56,0,69796903,20.0,50.0,1691417,与Ta时光,1,0,0
212,65,0,75164392,8.0,58.0,1841538,望京小腰北航串吧,1,408,49
213,56,0,66647745,19.0,119.0,1001704,果之缘,1,0,0
214,60,0,90336657,0.0,0.0,2253556,花为美鲜花（北京花洋旗舰店）,0,1,0
215,56,0,90403282,4.0,10.0,1728887,余味多拼饭,0,305,45
216,60,0,77490124,0.0,0.0,1573767,美御花庭鲜花,0,48,49
217,31,0,17965593,4.0,15.0,885228,赵记驴肉火烧（农大店）,0,2510,47
218,36,0,514404,5.0,20.0,512243,桃屋日本料理（五道口总店）,0,1948,48
219,64,0,73396313,34.0,0.0,1744715,麻辣8号（麻辣香锅小龙虾）,0,455,45
220,40,0,72456069,7.0,15.0,1924235,無介沙拉煎饼,0,107,48
221,71,0,69332845,8.0,50.0,1538566,赛百味,0,136,45
222,35,0,54020858,6.0,0.0,269304,诚达双拼饭,0,689,47
223,30,0,3195202,3.0,0.0,404686,宝润缘粥饼家常菜,0,1458,46
224,60,0,67842221,0.0,0.0,1300815,鲜花,0,1,0
225,50,0,71401184,56.0,20.0,1612634,酒汇千家,0,38,50
226,60,0,5627084,0.0,100.0,1096124,爱无语,0,0,0
227,40,0,83589318,8.0,0.0,2180760,佳味简餐（中关村店）,0,852,43
228,32,0,32565422,6.0,20.0,525043,德克士(五道口店),0,3462,48
229,35,0,50315945,4.0,0.0,1060902,张亮麻辣烫(保福寺店),0,3355,45
230,67,0,69894203,5.0,30.0,1656064,八分饱（香辣虾）,0,310,45
231,40,0,83589221,5.0,20.0,2180737,杨国福麻辣烫（中关村大街店）,0,435,46
232,41,0,73600496,3.0,0.0,1779649,五食代（中关村店）,0,917,47
233,30,0,2056765,5.0,20.0,202003,金凤成祥(五道口一店),0,10,0
234,64,0,77444989,2.0,20.0,1977655,优优西餐屋,1,181,45
235,47,0,40206097,3.0,0.0,1673296,无饿不做,1,0,0
236,56,0,69107833,10.0,68.0,1472599,果儿鲜果蔬超市（次日配送）,1,0,0
237,31,0,68210945,3.0,15.0,1457302,刁四藤椒麻辣烫,1,0,0
238,74,0,69688620,39.0,168.0,1602665,烧烤一品,0,380,44
239,82,0,63374776,30.0,0.0,867143,UV海鲜匠,0,168,43
240,42,0,3081034,5.0,20.0,202005,金凤成祥(五道口三店),0,0,0
241,65,0,90026360,30.0,85.0,2198475,蔬艺房水果净菜专营店,0,155,49
242,56,0,69727048,0.0,0.0,1625734,口口福蛋糕房,0,10,0
243,56,0,69638464,10.0,0.0,1625738,燕澜坞,0,11,0
244,56,0,65731499,0.0,0.0,871653,kiss千层榴莲蛋糕,0,27,0
245,45,0,73622292,4.0,35.0,1786193,美味粥吧,0,391,46
246,56,0,91587106,0.0,0.0,2279776,馋猫蛋糕店,0,5,0
247,62,0,80988705,0.0,0.0,2097231,幸福e站鲜花店,0,70,50
248,40,0,73600420,4.0,0.0,1779689,肉夹小魔王（中关村店）,0,2736,49
249,58,0,69804351,30.0,0.0,1633531,哈哈镜（鸭货大全店）,0,173,46
250,33,0,36912008,5.0,15.0,501563,张亮麻辣烫（国奥店）,0,2362,44
251,75,0,90093489,0.0,0.0,2219548,法兰西蛋糕烘焙,0,142,48
252,40,0,66058752,0.0,0.0,911328,清碧源（景田专卖店）,0,10,0
253,76,0,69923290,35.0,150.0,1682163,昨昔雨参鸡汤,0,970,49
254,56,0,6030099,10.0,168.0,477410,可圈可点蛋糕店（千层榴莲）,0,39,50
255,39,0,18025909,3.0,35.0,12776,小家餐厅（六道口店）,0,729,46
256,30,0,13854188,4.0,20.0,1001604,首尔798,1,0,0
257,40,0,67974997,0.0,60.0,1344020,酒小二,1,16,0
258,34,0,73577263,3.0,0.0,1770883,健康口袋,1,0,0
259,56,0,67571798,19.0,48.0,1223892,营养鲜果庄园（明光村店）,1,0,0
260,60,0,90961283,0.0,0.0,2357481,一家花店（北京店）,1,0,0
261,36,0,76880565,7.0,0.0,1924135,奶茶嫁给粉,0,75,44
262,30,0,58678759,7.0,0.0,761055,赤桥麻辣签到,0,12,0
263,60,0,32672672,0.0,0.0,554404,千寻鲜花,0,10,0
264,130,0,69820706,4.0,29.0,1637665,果农的儿子,0,283,44
265,58,0,19565696,5.0,0.0,57025,裸奔披萨,0,2185,45
266,56,0,69436600,2.0,20.0,1550032,韩国炸鸡qiken,0,13,0
267,64,0,67764725,10.0,30.0,2233810,烘达兄弟（北大店）,0,136,47
268,83,0,77455195,0.0,0.0,2163389,37度cake蛋糕（小屯路店）,0,455,50
269,39,0,68117439,5.0,0.0,1526219,龙凤卷春饼,0,352,44
270,56,0,56637267,35.0,0.0,1239242,桐记小灶儿牛板筋火锅,0,25,50
271,40,0,73602669,4.0,0.0,1779518,金手勺（中关村店）,0,1108,48
272,30,0,18178519,6.0,20.0,1020977,纳斯卡咖啡（五道口）店,0,4,0
273,70,0,90335932,48.0,0.0,2253400,一品鲜果切,0,210,49
274,36,0,57485802,3.0,0.0,684525,百味套餐卤肉饭,0,13,0
275,60,0,75159991,0.0,0.0,1833819,花花坊,0,0,0
276,56,0,90026019,40.0,0.0,2198309,百鲜岛海鲜（京深海鲜总店）,0,8,0
277,60,0,66058505,0.0,0.0,911271,花朵美花艺旗舰店,0,19,50
278,56,0,79232988,65.0,50.0,1996878,彩虹水果批发,0,3,0
279,89,0,5490994,0.0,0.0,213106,艾尚蛋糕店,0,476,48
280,77,0,22581221,0.0,0.0,351728,25小时鲜花店（总部）,0,115,42
281,68,0,57024544,5.0,80.0,654922,麻辣村香锅烤鱼,0,333,47
282,38,0,39641424,9.0,0.0,12721,极速汉堡,0,5064,48
283,48,0,22030140,3.0,0.0,137195,晏家传奇中式快餐（六道口店）,1,1161,44
284,55,0,48067285,3.0,20.0,607466,回味拉面馆（清真）,1,3,0
285,36,0,69141020,4.0,20.0,1483953,中国兰州牛肉拉面（清真）,0,123,38
286,50,0,90459217,20.0,70.0,2253355,沙家辣鸭脖（立水桥店）,0,124,44
287,261,0,48008322,0.0,0.0,486106,好利来蛋糕（北京）,0,568,48
288,58,0,3685561,5.0,0.0,2227418,沙县小吃（中关村店）,0,59,36
289,98,0,8696918,15.0,0.0,2000453,Tasty Cake,0,48,45
290,55,0,76844925,7.0,0.0,1950941,海盗煎饼,0,2,0
291,56,0,90649507,6.0,20.0,2357434,乐味乐道千层蛋糕,0,16,0
292,40,0,66278375,0.0,0.0,911292,文华盛（怡宝专卖店）,0,10,0
293,60,0,48149556,0.0,0.0,661289,珍爱鲜花旗舰店,0,64,48
294,40,0,65726146,30.0,58.0,1131838,月亮街食品,0,10,0
295,120,0,79676035,28.0,200.0,2062940,北京五月韩国料理（参鸡汤店）,0,46,38
296,60,0,67868569,20.0,0.0,1313561,天意尚品鲜花,0,0,0
297,56,0,80990115,65.0,0.0,2097345,芬芳水果精品批发,0,10,0
298,51,0,90099086,5.0,30.0,2097350,品尚鲜卤肉饭,0,132,42
299,62,0,81868328,28.0,20.0,2227426,虾娃诱惑,0,87,50
300,41,0,24832961,3.0,0.0,684453,西安一品砂锅鸡公煲,0,455,44
301,60,0,65678120,0.0,80.0,862930,鑫美月鲜花店,0,1,0
302,42,0,41006931,6.0,16.0,443176,丽华快餐(圆明园),0,488,47
303,81,0,77281906,22.0,38.0,642337,闽鲜行挪威三文鱼,0,113,50
304,76,0,22005721,0.0,0.0,439474,小贤家榴莲蛋糕（亚运村店）,0,1005,48
305,40,0,68189055,10.0,0.0,1409209,CHEERS瑞品齐饮进口葡萄酒,0,41,48
306,60,0,27524412,5.0,80.0,2253336,照相鲜花,0,0,0
307,56,0,75114021,25.0,120.0,1829407,猫小院猫主题餐厅（外卖中心）,1,0,0
308,72,0,76934314,30.0,158.0,1942095,蚝鲜生烧烤海鲜夜宵,1,325,42
309,40,0,67316834,60.0,200.0,1149037,CHEERS进口葡萄酒专卖,1,0,0
310,78,0,90020157,35.0,200.0,2202546,夏小妹榴莲千层盒子,0,144,46
311,74,0,3867190,5.0,26.0,676399,老马富贵拉面（清真）,0,182,48
312,56,0,67959237,29.0,99.0,1338433,AJ麻辣海鲜订制,0,19,0
313,128,0,79313339,0.0,0.0,1946244,生日蛋糕糕点坊,0,230,48
314,56,0,76988484,69.0,50.0,1942454,果鲜世界,0,5,0
315,60,0,79676716,0.0,0.0,2063280,玖号鲜花,0,117,49
316,54,0,67409830,53.0,50.0,1699771,焙多芬手感烘焙工坊,0,284,46
317,56,0,76860207,30.0,58.0,1915664,优佳果品水果超市,0,5,0
318,96,0,79603001,30.0,168.0,2058933,寿司工匠,0,31,42
319,36,0,69141484,6.0,0.0,1484099,张姐烤肉饭脆皮鸡饭（苏州街店）,0,1623,48
320,56,0,6108750,0.0,0.0,906510,拉菲米亚蛋糕,0,23,0
321,56,0,77360185,0.0,0.0,1974037,缘心蛋糕坊（小营店）,0,6,0
322,56,0,67674928,0.0,0.0,871849,Hello office,0,24,0
323,55,0,69799996,6.0,20.0,1633702,烤鱼·羊蝎子火锅,0,5,0
324,60,0,79269249,0.0,0.0,2078430,欣玉花坊,0,4,0
325,94,0,66181473,0.0,0.0,929113,味美精品泰国榴莲蛋糕,0,756,47
326,55,0,90967019,7.0,29.0,2353231,西苑便民菜站,1,0,0
327,60,0,66471689,0.0,0.0,1061243,鲜花绿植鱼,1,2,0
328,79,0,58085443,19.0,128.0,78463,烧烤盛宴,1,554,46
329,56,0,58744072,19.0,118.0,521104,农夫果院水果超市（一分店）,1,0,0
330,42,0,4230795,5.0,0.0,1756064,潜渊(紫菜包饭),1,20,0
331,35,0,68184085,3.0,20.0,1404484,三嫂薄皮包子,1,0,0
332,84,0,59115286,3.0,15.0,785337,手工水饺,0,115,44
333,60,0,79275663,0.0,100.0,2004726,九州建华花卉,0,0,0
334,36,0,41287649,3.0,20.0,1937574,香味坊木桶饭,0,26,0
335,78,0,59002124,58.0,20.0,776663,老北京锅贴,0,350,44
336,56,0,90716399,10.0,0.0,2357544,龙虾阁（双安店）,0,13,0
337,34,0,17726841,3.0,15.0,347464,杨国福麻辣烫（五道口店）,0,1282,46
338,48,0,80989000,5.0,30.0,2097514,大妈水饺,0,258,41
339,70,0,67152499,35.0,0.0,1136044,麻辣海鲜,0,167,44
340,56,0,16998706,25.0,200.0,1395781,阳澄湖大闸蟹（光彩京深店）,0,4,0
341,60,0,69790418,0.0,100.0,2000859,诗情花坊,0,5,50
342,104,0,69664087,0.0,0.0,1595165,信诺慕斯乳酪蛋糕,0,25,46
343,64,0,66803227,46.0,50.0,1246261,OH!料理,0,97,46
344,60,0,67723997,0.0,0.0,1270440,花为美鲜花（花心花艺）,0,5,0
345,70,0,48007746,15.0,100.0,521152,云龙麻辣香锅,0,379,50
346,113,0,21968140,0.0,0.0,201791,御喜玛蛋糕（北京总店）,0,184,50
347,56,0,67642934,10.0,0.0,1369518,燕澜坞•鲜炖燕窝,0,53,44
348,30,0,23332532,5.0,15.0,175317,口福小炒,0,26,0
349,36,0,1754968,5.0,20.0,2210238,新加坡美食鼎好美食广场,0,13,0
350,78,0,65734142,15.0,150.0,2245111,榴皇叔榴莲甜点,0,188,47
351,75,0,69678492,45.0,0.0,1682215,簋街龙虾庄(总店),1,55,38
352,56,0,22900864,35.0,30.0,516803,疆爱,1,0,0
353,56,0,516286,5.0,20.0,2365573,赛百味（财智国际大厦店）,1,1,0
354,37,0,38321411,5.0,0.0,2145153,黄焖鸡米饭,1,5,0
355,56,0,22961025,5.0,15.0,1348148,一心向膳烤猪蹄（五道口店）,1,0,0
356,67,0,67642822,0.0,0.0,1246214,火红新奥鲜花店,0,126,46
357,60,0,83470356,0.0,0.0,2149378,鲜花水果,0,1,0
358,33,0,23302613,6.0,0.0,206716,杨铭宇黄焖鸡米饭,0,2204,46
359,68,0,79420816,2.0,25.0,2023761,九嘉九炸鸡,0,189,45
360,102,0,68078273,0.0,50.0,1378466,邱比特蛋糕,0,89,46
361,50,0,90089612,22.0,0.0,2220018,热蟹沸腾,0,42,48
362,54,0,67630485,4.0,20.0,1250780,奶盖贡茶（大运村店）,0,594,49
363,78,0,68959881,60.0,20.0,1435514,鲜果物语精品水果,0,41,50
364,56,0,77461342,0.0,0.0,1981910,完美榴莲千层,0,0,0
365,35,0,76846432,7.0,0.0,1924406,首迩紫菜包饭（中关村店）,0,333,48
366,41,0,73427022,3.0,0.0,1981894,味芝客,0,96,49
367,33,0,16833594,4.0,20.0,897834,老大同刀削面,0,125,45
368,59,0,90336859,5.0,0.0,2253656,果缤纷鲜果切,0,941,47
369,61,0,22985353,7.0,0.0,179501,麻辣村麻辣香锅烤鱼外卖,0,594,48
370,60,0,67204101,20.0,0.0,1465288,kismet鲜花（回龙观店）,0,0,0
371,30,0,10332056,8.0,20.0,810531,ZOOCOFFEE（硅谷大厦店）,0,90,49
372,50,0,27473357,7.0,20.0,420253,哈哈镜（中关村店）,0,601,45
373,92,0,14711957,25.0,88.0,1049222,桐记小灶儿牛板筋火锅,0,53,46
374,61,0,1948114,5.0,25.0,382425,全面俱到（清华科技园店）,1,0,0
375,33,0,16006122,5.0,20.0,866929,巴依老爷新疆美食（清华东门店）,1,949,46
376,56,0,90017266,0.0,0.0,1981915,绿萝卜蛋糕坊（蓟门桥店）,1,0,0
377,55,0,50258855,5.0,20.0,1001832,塔莎花苑（鲜花咖啡）,1,0,0
378,36,0,73977525,3.0,0.0,1783598,无名元米粉（学府美食城）,1,0,0
379,60,0,76085875,0.0,100.0,1872496,鲜花礼品店,1,0,0
380,40,0,90509145,15.0,68.0,2318717,兴鑫腾达超市,1,0,0
381,50,0,69094878,65.0,69.0,650772,云超市（哈哈镜）,0,91,50
382,40,0,67968833,3.0,0.0,1655950,优卡健身餐,0,1594,47
383,40,0,23911071,0.0,50.0,1709863,酒便利(清河五彩城店),0,33,48
384,55,0,90503142,4.0,15.0,2314837,养生五谷脆煎饼,0,4,0
385,72,0,48010393,25.0,35.0,109095,人民公社（中关村店）,0,93,50
386,54,0,56569601,10.0,20.0,714813,贡茶,0,276,44
387,58,0,80534978,30.0,0.0,2078244,哈哈镜（天宁寺店）,0,41,48
388,40,0,74576980,10.0,188.0,1842077,壹柒壹3,0,0,0
389,60,0,90354888,0.0,0.0,2257418,重庆花艺,0,47,50
390,32,0,2242231,5.0,20.0,1686159,胜负韩国料理,0,191,46
391,56,0,45488097,0.0,25.0,536634,韩食轩韩国料理,0,27,48
392,56,0,40136661,7.0,30.0,2110132,健翔桥市场水果店,0,8,0
393,125,0,21165654,0.0,100.0,1181365,熙贝蛋糕,0,130,50
394,56,0,79270262,0.0,300.0,2027774,爱蒂宝（APM店）,0,2,0
395,60,0,90304773,0.0,22.0,2248771,奇迹花园,0,2,0
396,37,0,26915971,30.0,58.0,364941,馋嘴猫零食坊,0,67,50
397,34,0,48184053,3.0,20.0,2132055,雨晴小厨小菜,0,728,46
398,34,0,90555213,3.0,15.0,624892,汤火功夫麻辣烫（五道口店）,0,9192,44
399,56,0,76085710,25.0,40.0,1872421,嘉禾圣鑫冻品,0,0,0
400,60,0,65754750,0.0,0.0,875603,鲜花坊,0,0,0
401,61,0,76831840,50.0,100.0,1907120,望京小腰王记串吧,1,687,47
402,92,0,3533512,55.0,200.0,1523464,金链花泰国餐厅,1,187,48
403,41,0,2524246,6.0,20.0,629210,麻辣诱惑（五道口店）,1,1265,47
404,43,0,90281125,12.0,0.0,2248777,望京小腰小板凳串吧,1,347,45
405,55,0,76738698,7.0,0.0,2000762,夕禾饺子,1,0,0
406,49,0,22140663,5.0,20.0,1131573,疯狂披萨（清华园店）,0,28,0
407,40,0,21829450,0.0,50.0,1709855,酒便利(上地店),0,24,50
408,84,0,80610278,5.0,50.0,2093782,榴莲哥蛋糕,0,240,48
409,30,0,65607859,5.0,20.0,854440,龙腾川湘,0,8,0
410,56,0,73606238,25.0,68.0,1781958,益食鑫隆蔬果生鲜店,0,63,50
411,57,0,80994968,35.0,60.0,2098764,沙卡拉卡私厨手工沙拉,0,662,49
412,30,0,23330220,3.0,20.0,1089019,晨香源刀削面,0,131,47
413,53,0,23099282,6.0,15.0,430151,港记甜品（林大店）,0,449,45
414,88,0,67989899,20.0,100.0,1410604,好好妈燕鲜炖燕窝,0,124,48
415,34,0,2404300,5.0,20.0,14097,正一味(五道口店),0,1099,45
416,35,0,47020351,6.0,20.0,805083,二十五块半（中关村店）,0,3278,48
417,71,0,69650321,35.0,80.0,1617441,一号码头,0,284,43
418,61,0,16983185,2.0,50.0,553804,壹加壹炸鸡,0,451,48
419,30,0,65665605,5.0,15.0,1697994,荣炙速味居黄焖鸡米饭,0,5,0
420,32,0,91079939,5.0,15.0,300082,烤肉拌饭（中关村一桥店）,0,607,46
421,78,0,27128820,0.0,0.0,1648013,诺巴克蛋糕,0,48,49
422,67,0,77263295,4.0,29.0,1957913,果农的儿子（品质水果店）,0,533,42
423,40,0,2899978,9.0,0.0,278494,肯德基宅急送(双清路店）,0,462,48
424,134,0,45632581,0.0,0.0,456438,北京爱情故事鲜花,0,95,42
425,60,0,69412191,0.0,0.0,1545055,维纳斯鲜花（北京朝阳1店）,0,5,0
426,55,0,76738698,7.0,0.0,2000762,夕禾饺子,1,0,0
427,38,0,48175679,1.0,0.0,1500886,溢香缘黄金咖喱饭,1,1011,44
428,82,0,79666067,19.0,68.0,1275027,老胡海鲜宵夜,1,189,41
429,43,0,67255148,5.0,20.0,1302399,德宏绿孔雀（云南傣味）,1,18,40
430,55,0,1936129,5.0,20.0,626521,恒河印度餐厅（成府店）,1,0,0
431,60,0,69412195,0.0,0.0,1545052,维纳斯鲜花（北京丰台1店）,0,4,0
432,56,0,77589628,35.0,0.0,2149165,一品海鲜汇,0,1,0
433,60,0,69412211,0.0,0.0,1545053,维纳斯鲜花（北京海淀店）,0,5,0
434,60,0,69412215,0.0,0.0,1545051,维纳斯鲜花（北京朝阳店）,0,61,47
435,56,0,75127783,0.0,0.0,1834414,美滋味蛋糕坊,0,1,0
436,39,0,50292923,2.0,0.0,320410,山西刀削面,0,970,46
437,33,0,17664781,5.0,20.0,584671,西少爷肉夹馍（五道口旗舰店）,0,3362,49
438,32,0,66573110,8.0,20.0,584664,西少爷肉夹馍（新中关店）,0,4106,49
439,39,0,27289045,3.0,15.0,421487,FitBuddy健康伙伴,0,370,46
440,50,0,67402727,22.0,0.0,560505,哈哈镜（马甸桥店）,0,412,49
441,40,0,90922148,45.0,0.0,2370765,哈哈镜超市,0,5,0
442,57,0,38322451,26.0,0.0,473563,哈哈镜（宣武门店）,0,370,48
443,50,0,69725895,35.0,150.0,1617517,老鬼龙虾,0,57,38
444,53,0,6448650,5.0,0.0,1847097,沙县精品（千食百味）,0,75,47
445,117,0,16985157,0.0,100.0,664207,遇见榴莲千层蛋糕专门店,0,172,48
446,60,0,18344151,0.0,0.0,1981024,北京玛莉莎花艺园,0,0,0
447,65,0,21035679,40.0,110.0,653497,鲍家糕点（武圣路店）,0,474,49
448,37,0,18278997,6.0,20.0,685933,鸿运老北平,0,1287,48
449,38,0,90566073,5.0,0.0,2337707,渝味轩（中关村店）,0,254,45
450,58,0,66934511,0.0,80.0,1049876,转点pizza（志新路）,0,107,49
451,67,0,69659751,50.0,168.0,1608808,望京小腰,1,316,41
452,56,0,50472625,0.0,120.0,1099813,星期六烘焙,1,18,0
453,31,0,76913810,7.0,0.0,2046042,关刀即时捞冒菜（中关村店）,1,26,43
454,30,0,66398914,3.0,15.0,2346245,泉月九宫格（麻辣香锅）,1,25,45
455,60,0,5401436,50.0,100.0,2007746,爱丽娜鲜花,0,0,0
456,84,0,45362348,8.0,68.0,331514,麻辣村香锅烤鱼,0,247,46
457,151,0,58964848,0.0,0.0,774031,麦卡琪蛋糕店,0,69,47
458,60,0,67142049,0.0,0.0,1097723,花火鲜花总部店,0,10,0
459,30,0,69181394,5.0,25.0,1540655,首迩紫菜包饭（北京语言大学店）,0,209,48
460,34,0,69719030,7.0,20.0,2211524,知味湘,0,32,48
461,60,0,77289737,0.0,0.0,1957998,心语鲜花(朱辛庄店),0,0,0
462,60,0,80950870,0.0,0.0,2094386,鲜花水果,0,2,0
463,34,0,6040805,5.0,20.0,802600,laker‘s披萨(五道口店）,0,127,47
464,57,0,59256772,14.0,78.0,798215,水果超市,0,171,47
465,60,0,69285211,0.0,0.0,1521902,恋人花坊（仟百意）,0,160,48
466,77,0,90511636,35.0,0.0,2320074,功夫龙虾,0,233,46
467,30,0,59158340,6.0,20.0,1154999,周黑鸭(北京五道口华清嘉园店),0,539,48
468,60,0,11265536,20.0,100.0,2263850,彩虹鲜花,0,5,0
469,58,0,20900848,36.0,100.0,1383966,鲍师傅糕点（安定门店）,0,1113,49
470,56,0,75193499,0.0,0.0,1873193,佳佳蛋糕（全城配送店）,0,52,46
471,77,0,75636698,30.0,260.0,1862445,四季蔬果,0,75,48
472,32,0,90009615,3.0,20.0,2192242,凉皮先生（清华大学店）,0,583,46
473,31,0,4233334,5.0,20.0,553921,龙腾轩,0,3503,47
474,47,0,79312475,5.0,0.0,2141658,抚顺麻辣拌,1,227,40
475,56,0,48041462,19.0,89.0,595888,泽宇美食快餐,1,21,0
476,72,0,67868497,2.0,20.0,1310085,一品香韩国料理炸鸡,1,228,47
477,56,0,19811224,0.0,0.0,1474292,爱的味道（清河店）,1,0,0
478,40,0,69146756,12.0,30.0,2198886,鲜花水果超市,1,0,0
479,45,0,4684388,7.0,0.0,343394,吉野家(五道口店),0,1523,47
480,43,0,67725571,66.0,0.0,1271074,俄罗斯特色商店（万源店）,0,12,0
481,64,0,79470787,1.0,25.0,2163923,爱尚炸鸡（清华东路店）,0,400,44
482,77,0,45301812,30.0,88.0,711804,挪威三文鱼刺身专卖,0,280,46
483,55,0,76947441,7.0,20.0,2394039,全时便利店-林业大学店,0,0,0
484,60,0,76861761,0.0,0.0,1916108,吉鑫园林鲜花店,0,1,0
485,56,0,513255,0.0,0.0,1667288,汇力发饼屋,0,39,42
486,98,0,69721145,26.0,200.0,1545165,蔬菜果园,0,69,49
487,33,0,5284183,6.0,25.0,183766,鸿毛饺子（保福寺店）,0,752,46
488,81,0,66551271,35.0,0.0,990131,麻辣火龙虾,0,280,47
489,50,0,69038192,25.0,80.0,1461759,极速凡仔汉堡,0,223,48
490,70,0,5311691,15.0,100.0,968185,红辣椒（凉皮先生）,0,279,49
491,60,0,68156885,0.0,0.0,1395647,妮依然品牌鲜花店(北京),0,9,0
492,68,0,19119447,8.0,98.0,166269,麻辣村香锅烤鱼（广渠门店）,0,362,48
493,55,0,76861610,6.0,20.0,1916073,快买酒(利民华明店),0,0,0
494,50,0,65714160,30.0,0.0,2098842,哈哈镜便利店,0,121,46
495,77,0,69735309,18.0,50.0,1857585,东环物语,0,123,48
496,44,0,90097080,5.0,0.0,2222987,晋味小厨（中关村店）,0,807,43
497,32,0,90313188,9.0,0.0,2246256,三千客炸鸡汉堡（中关村店）,1,21,46
498,56,0,74603871,25.0,200.0,1804969,小亮挪威三文鱼,1,3,0
499,36,0,90097459,7.0,0.0,2223081,爱尚麻辣烫（知春路店）,1,10,0
500,54,0,90552161,2.0,20.0,2332695,898炸鸡,1,25,50
501,40,0,68997852,6.0,0.0,1447945,鑫湘缘大碗饭,1,88,46
502,64,0,56852130,18.0,60.0,634330,烧烤家宴,1,295,46
503,56,0,69139861,20.0,0.0,113771,淘虾记,1,14,50
504,50,0,15180187,19.0,200.0,201716,尊享宜购生活超市,0,571,49
505,67,0,77349456,40.0,99.0,1972388,果蔬鲜超市(大红门店),0,159,43
506,36,0,76755011,3.0,20.0,2183524,敏丁拌饭馆,0,10,0
507,39,0,45604578,7.0,20.0,192490,煎饼间,0,2488,48
508,91,0,90009375,0.0,0.0,2192142,不打烊私房蛋糕,0,278,48
509,49,0,69087747,9.0,35.0,232306,24h便利美食,0,139,40
510,42,0,3706972,5.0,20.0,55514,戈壁人家米粉（中关村店）,0,309,45
511,40,0,69181037,4.0,0.0,2263874,筷客花蛤（中关村店）,0,170,41
512,40,0,77279399,60.0,268.0,1962448,便利超市,0,4,0
513,30,0,27374916,5.0,20.0,630450,庆丰包子铺（志新路）,0,377,47
514,56,0,45049835,40.0,0.0,2122236,溪水园海鲜,0,0,0
515,36,0,9004549,6.0,0.0,1760449,巫山烤鱼家常菜（中关村店）,0,1370,44
516,34,0,66649629,3.0,0.0,1158537,湘情小碗菜,0,528,45
517,55,0,90047736,6.0,29.0,2207363,快买酒（水鑫圣叶店）,0,0,0
518,56,0,67834101,0.0,0.0,1298251,小七街驴肉火烧,0,8,0
519,84,0,26232014,20.0,0.0,377596,卖虾(小龙虾外卖),0,166,44
520,56,0,90057329,45.0,0.0,2211753,隆福寺小吃,0,28,0
521,60,0,8726703,0.0,50.0,2007962,鲜花坊,0,0,0
522,64,0,67925712,10.0,68.0,1342213,麻辣香锅烤鱼坊,0,128,48
523,50,0,65768485,19.0,348.0,875225,阳光超市,0,291,48
524,63,0,82686655,0.0,0.0,2122213,万佳鲜花（各庄店）,0,16,50
525,64,0,73430260,35.0,0.0,1712951,望京小腰（曹记串吧）,1,632,47
526,37,0,82245377,3.0,0.0,2114448,麻辣传（辣炒）,1,562,46
527,30,0,22393739,3.0,15.0,805348,渝品味美食,0,41,47
528,30,0,40018260,5.0,20.0,1232210,无名缘米粉（圣熙店）,0,26,0
529,36,0,17812756,3.0,0.0,633898,地下铁（旺角站）,0,1140,49
530,99,0,69323304,19.0,99.0,1535067,AJ麻辣海鲜订制,0,174,39
531,33,0,8988572,6.0,20.0,490598,CoCo都可茶饮（五道口华联店）,0,2502,48
532,62,0,76942734,50.0,70.0,1935256,蓬莱小海鲜,0,120,48
533,38,0,83586947,3.0,0.0,2179459,不二猪手饭,0,512,46
534,61,0,77480199,60.0,0.0,1985669,武汉久久鸭（哈哈镜）,0,300,47
535,30,0,18571536,5.0,20.0,1232223,鸭血粉丝汤（圣熙店）,0,109,49
536,68,0,67855255,46.0,20.0,1552416,村上一屋日料寿司（棕榈泉店）,0,858,46
537,60,0,71015990,0.0,0.0,1698277,花之恋鲜花（鲁港店）,0,0,0
538,30,0,76849279,7.0,0.0,1924076,云歌贡茶（中关村店）,0,22,0
539,38,0,50375124,5.0,20.0,1232195,过桥米线（圣熙店）,0,58,46
540,53,0,90456105,5.0,0.0,2293013,水城黄焖鸡米饭（中关村）,0,1,0
541,56,0,73426558,0.0,0.0,1756619,佰味村月饼糕点,0,0,0
542,45,0,68074685,3.0,0.0,1353564,凉皮先生（五道口1店）,0,3920,47
543,84,0,67848535,20.0,98.0,179160,夹克的虾（小龙虾外卖）,0,1662,48
544,56,0,45589473,0.0,0.0,2271469,八喜冰淇淋蛋糕（西马场路店）,0,76,48
545,33,0,18673674,3.0,20.0,425535,美丫妈妈起司蛋糕（五道口店）,0,330,48
546,40,0,79265392,3.0,0.0,2133747,杠上开花 串串香,1,97,50
547,64,0,58668826,15.0,80.0,703313,烧烤诱惑,1,289,37
548,75,0,59399020,25.0,60.0,809153,BBQ烧烤吧,1,324,47
549,55,0,75180607,7.0,15.0,2046258,micat薄荷猫美式冻酸奶（食宝街店）,1,0,0
550,40,0,74599864,55.0,0.0,1834194,华联生活超市,1,0,0
551,30,0,9085053,3.0,20.0,802322,食平方（学清路店）,0,1060,48
552,33,0,18673674,3.0,20.0,425535,美丫妈妈起司蛋糕（五道口店）,0,330,48
553,32,0,25054648,3.0,0.0,395694,姐妹土豆粉,0,877,46
554,75,0,24029703,16.0,45.0,875142,左岸右转面包工坊,0,202,49
555,30,0,73391928,5.0,20.0,1742918,叫了个炸鸡（六道口店）,0,1216,48
556,34,0,91005616,3.0,15.0,2398069,老北京包子,0,57,41
557,54,0,2253889,0.0,50.0,549682,火鬼披萨（五道口店）,0,300,46
558,36,0,21555924,3.0,0.0,509651,二贵酸汤鱼土家菜（学院路店）,0,96,49
559,60,0,79259271,0.0,0.0,1998771,鲜花绿植,0,15,49
560,77,0,77595571,0.1,0.0,1990099,金麦香蛋糕,0,150,49
561,30,0,22594842,5.0,20.0,1444031,BunnyDrop白兔糖咖啡西餐（五道口店）,0,163,47
562,39,0,83596902,3.0,0.0,2183374,健食坊,0,1980,48
563,36,0,67255663,4.0,15.0,1131257,重庆麻辣烫,0,2535,47
564,62,0,90496266,40.0,20.0,2311574,鲜果家族,0,225,47
565,50,0,69341356,18.0,0.0,1540877,北京兰色小月亮河商店,0,147,50
566,56,0,58786706,26.0,0.0,1337979,哈哈镜,0,72,49
567,56,0,91005480,16.0,49.0,2398057,CFB炸鸡啤酒（上地华联店）,0,15,0
568,82,0,65735081,5.0,50.0,1501098,榴莲蛋糕（榴莲哥榴莲主题店）,0,180,50
569,117,0,22245324,0.0,0.0,1539373,小贤家榴莲蛋糕（双井店）,0,188,48
570,34,0,8960371,3.0,15.0,867329,谢家驴肉火烧,0,672,47
571,56,0,22644066,50.0,300.0,959170,龙虾趴,1,5,0
572,55,0,66792052,7.0,0.0,2011884,书和咖啡,1,1,0
573,72,0,66775351,12.0,58.0,1014933,果真鲜（金源店）,1,246,44
574,30,0,67007998,5.0,20.0,1232170,单县羊汤,1,0,0
575,30,0,90376665,4.0,20.0,2263774,食为鲜（上地店）,0,11,0
576,41,0,69723335,4.0,0.0,2198661,食光脆皮鸡排饭,0,422,48
577,50,0,57567064,20.0,88.0,694637,乐哈哈超市,0,537,48
578,33,0,77135440,6.0,15.0,1981265,辣滋味铁锅吧,0,9,0
579,135,0,77608089,0.0,0.0,1990130,绿萝卜蛋糕坊（酒仙桥店）,0,946,50
580,54,0,19811224,5.0,38.0,2320336,爱的味道蛋糕（清河店）,0,5,50
581,50,0,69843984,5.0,35.0,1073802,royaltea皇茶（御品贡茶）,0,2445,47
582,60,0,67244554,0.0,0.0,1127754,花火鲜花（新港花店）,0,7,0
583,40,0,79610755,5.0,35.0,2065326,旺季▪现配茶健康调理中心,0,3,0
584,60,0,57416304,0.0,0.0,2294138,花点时间（北京店）,0,0,0
585,102,0,22246291,15.0,50.0,1170023,7cake榴莲千层蛋糕,0,1907,48
586,55,0,83206659,3.0,0.0,2280969,一丁目超市,0,0,0
587,52,0,8981681,7.0,15.0,1033829,文记金牌烤肉,0,60,50
588,56,0,59296567,30.0,0.0,2011840,新利来蛋糕鲜花坊,0,32,50
589,57,0,69562621,45.0,99.0,1593687,四季甜品（总店）,0,134,46
590,60,0,67149586,0.0,0.0,1298382,卉卉花艺,0,7,0
591,40,0,79303276,0.0,0.0,653683,久遇进口葡萄酒直营店,0,0,0
592,53,0,32843127,12.0,40.0,374250,金釜山紫菜包饭盐酥鸡,0,834,46
593,37,0,66429899,7.0,15.0,963388,南城香（中关村）,0,3296,48
594,44,0,21909401,3.0,0.0,309203,无名缘米粉,0,965,47
595,62,0,69264049,0.0,0.0,1514371,花之恋鲜花（总部店）,1,0,0
596,55,0,79427180,3.0,15.0,2020469,幸福彩虹蔬菜水果超市,1,9,0
597,56,0,77456418,20.0,100.0,71213,云膳麻辣（小龙虾外卖）,1,1,0
598,74,0,73588185,10.0,50.0,1774399,烧烤夜宵,1,129,46
599,65,0,90041560,25.0,0.0,2202944,麦田坊蛋糕店,0,48,44
600,68,0,90592062,0.0,0.0,2350574,甜蜜蜜蛋糕坊,0,59,48
601,56,0,90107817,25.0,0.0,2227173,现磨五谷养生坊,0,18,0
602,32,0,69209162,3.0,0.0,1501013,辣妈香锅排骨汤,0,1987,46
603,44,0,59129080,7.0,0.0,2302967,天天易家（餐饮专卖）,0,518,46
604,60,0,67925669,0.0,89.0,1326918,uegarden你的花园,0,1,0
605,42,0,68173953,3.0,0.0,1403008,邂逅冒菜,0,3985,44
606,68,0,90398363,20.0,80.0,2298022,伊米甜品（角门店）,0,150,45
607,56,0,67628553,30.0,98.0,1240967,麻小辣麻辣香锅小龙虾,0,53,0
608,60,0,76989510,0.0,0.0,1942907,新颖鲜花（东高地店）,0,21,50
609,42,0,5999934,5.0,20.0,568991,零度空间（五道口店）,0,14,0
610,37,0,19141812,5.0,20.0,381792,秦门（五道口店）,0,5846,46
611,60,0,67757530,30.0,100.0,1280806,the wild花店（三里屯店）,0,0,0
612,30,0,6065593,5.0,0.0,773758,大拇指（知春路店）,0,295,45
613,99,0,48007845,19.0,138.0,369900,鲜果惠水果超市,0,223,49
614,56,0,37924391,0.0,0.0,603146,爱诺食尚蛋糕,0,79,46
615,44,0,23114776,3.0,15.0,1093386,谢家驴肉火烧（二店）,0,647,45
616,60,0,45436881,0.0,0.0,482968,花佰堂（西坝河店）,0,0,0
617,54,0,69109703,15.0,0.0,1391957,花果园（水果切）,0,1539,47
618,155,0,67296986,0.0,0.0,1210238,幸福西饼蛋糕(东城店),0,385,47
619,43,0,66325573,5.0,25.0,963429,尚品披萨,0,2574,46
620,30,0,10330755,3.0,15.0,603172,第1佳大鸡排（圣熙八号店）,1,288,48
621,30,0,65974990,3.0,15.0,901825,讨小海龙虾饭,1,0,0
622,33,0,6065593,5.0,0.0,773748,大拇指面馆,1,200,42
623,58,0,69702918,10.0,25.0,1633087,麦堡王（中关村店）,1,1533,45
624,40,0,23895124,1.0,0.0,300526,秦晋面艺,0,291,41
625,55,0,90287658,3.0,15.0,2236804,干鲜果蔬超市,0,18,0
626,60,0,50581176,0.0,0.0,1756454,北京诗怡鲜花,0,38,50
627,170,0,67725215,0.0,20.0,1270901,奇乐美蛋糕坊,0,49,44
628,56,0,41123035,35.0,38.0,197590,D.K.uss营养水果(北京店),0,6,0
629,116,0,70599179,0.0,0.0,1708393,琪乐时尚蛋糕西点,0,155,48
630,35,0,17850191,5.0,35.0,668160,阳光乐购,0,312,48
631,68,0,67628430,48.0,50.0,1443861,鸿光粥粉面小食专门店,0,388,48
632,37,0,59880422,5.0,20.0,549763,LUSH（成府路店）,0,196,48
633,71,0,13664014,35.0,0.0,928753,美蛙私厨（总店）,0,252,48
634,50,0,81000682,9.0,45.0,2114407,御品轩地瓜坊(西直门店),0,88,43
635,56,0,69819107,10.0,0.0,1275245,芭特轻奢千层蛋糕,0,57,47
636,56,0,67740061,30.0,195.0,1275239,一锅海鲜（北京）,0,42,50
637,55,0,90481872,5.0,20.0,2240658,云码创咖,0,0,0
638,50,0,79615948,35.0,88.0,2051502,e果e家五棵松店,0,85,49
639,33,0,76932035,5.0,20.0,1931934,黄焖鸡米饭,0,11,0
640,46,0,91002427,4.0,0.0,2397197,百味厨房,0,5,0
641,56,0,69892029,2.0,25.0,1655510,营养排骨饭（盖饭）,1,0,0
642,56,0,54057822,46.0,80.0,1866603,嘉食和（全球精选美食商城）,1,0,0
643,50,0,79628312,35.0,200.0,2056016,麻辣经典,1,102,44
644,67,0,79628325,35.0,200.0,2056022,一号大连海鲜,1,339,41
645,50,0,48578239,0.0,0.0,366583,清碧源水站,1,30,0
646,30,0,69958081,2.0,0.0,2046514,食益.快餐,1,4,0
647,54,0,18720323,30.0,0.0,2191808,淘虾记（小龙虾·烧烤·海鲜）,1,45,37
648,56,0,91016804,0.0,0.0,2402114,一期一会蛋糕,0,1,0
649,45,0,14740147,5.0,0.0,725393,汉堡谷,0,1977,47
650,39,0,69485553,3.0,0.0,1561995,嘟嘟烤肉拌饭,0,3969,46
651,35,0,65682077,6.0,0.0,863856,慕食（中关村店）,0,1561,47
652,60,0,82687064,0.0,0.0,2122448,万佳鲜花（惠新店）,0,18,50
653,33,0,23048502,3.0,0.0,166814,米哥脆皮鸡饭,0,1647,47
654,32,0,13769513,5.0,20.0,2168690,杨裕兴（五道口店）,0,139,47
655,45,0,1754941,6.0,29.0,335254,卜蜂莲花（成府路店）,0,447,47
656,56,0,75128778,0.0,0.0,1834881,七月麦谷蛋糕,0,34,37
657,85,0,66903936,15.0,0.0,1178478,麦田坊蛋糕,0,174,48
658,56,0,68041359,19.0,99.0,1364967,冰城大虾,0,77,48
659,71,0,79435159,35.0,0.0,2024538,蛙辣哇啦（回龙观店）,0,344,42
660,38,0,58244966,4.0,15.0,725433,私菜益汤,0,174,45
661,50,0,79712566,45.0,158.0,2068963,双盛粮油蔬菜食品（水果）,0,77,50
662,39,0,59407592,2.0,0.0,809980,回味黄焖鸡,0,3010,47
663,30,0,79589349,5.0,0.0,2046469,丹麦蜂蜜大麻花（中关村店）,0,16,0
664,151,0,515381,58.0,158.0,782294,海底捞火锅外送（牡丹园店）,0,49,50
665,38,0,58245056,4.0,15.0,725440,初心便当,0,1486,45
666,56,0,90376122,20.0,128.0,2263456,蜀留香小龙虾海鲜（西城区店）,1,2,0
667,56,0,48033868,0.0,0.0,1174104,滒润蛋糕店,1,0,0
668,56,0,71005312,5.0,0.0,1663831,Funxin,1,0,0
669,40,0,76910376,0.0,20.0,1858303,粮便利,1,0,0
670,85,0,73393945,35.0,150.0,1743729,韩式炸鸡料理店,1,162,44
671,77,0,67373669,36.0,100.0,1687372,栗记麦香坊,0,87,45
672,84,0,57714310,50.0,100.0,797712,佐伦比萨,0,113,45
673,55,0,67850294,6.0,20.0,1306206,糖果花坊,0,0,0
674,30,0,76845415,7.0,0.0,2007282,北京粥饼（中关村店）,0,65,44
675,64,0,76358194,20.0,50.0,1877151,FCJ炸鸡＆啤酒,0,55,40
676,86,0,90347126,8.0,80.0,417662,千层千梦蛋糕,0,73,46
677,68,0,75636302,15.0,0.0,2191775,喜豆·面包房（蛋糕、西点）,0,53,49
678,37,0,66548422,6.0,20.0,998247,Fita健康餐,0,1370,48
679,65,0,75138686,5.0,0.0,1838956,壹号院餐厅（石油大院店）,0,82,50
680,60,0,58512351,0.0,0.0,1020034,花间派花坊,0,111,50
681,40,0,68065683,28.0,149.0,1379806,幸福公社便利店,0,12,0
682,50,0,57426036,30.0,30.0,677676,哈哈镜超市（广安门店）,0,29,0
683,56,0,5239674,40.0,0.0,491299,香口鱼(簋街红鬼龙虾),0,67,39
684,34,0,69252154,3.0,0.0,2329555,唇辣号（冒菜，火锅）,0,268,45
685,37,0,66998147,7.0,20.0,1197988,乔掌柜黄焖鸡,0,66,45
686,60,0,79281142,0.0,0.0,2011618,唯忆永生花专卖店,0,3,0
687,60,0,23505524,0.0,80.0,403667,芊艺鲜花绿植,0,37,50
688,61,0,79615964,2.0,50.0,2051525,暖心料理炸鸡,0,222,49
689,52,0,71658492,0.0,10.0,1761176,香满锅黄焖鸡米饭,0,770,45
690,30,0,5928428,3.0,15.0,560898,晨香源一品粥（月泉路一店）,0,911,45
691,32,0,77293803,5.0,20.0,2350644,金狮麟酒店（学清路店）,0,16,48
692,56,0,5113959,32.0,69.0,2024491,蟹天蟹地,1,9,0
693,39,0,69803585,6.0,20.0,1808735,昶丰臭桂鱼,1,25,0
694,56,0,23673814,35.0,300.0,980031,壳儿,1,5,0
695,64,0,18322274,39.0,49.0,720100,古早味(东城店),0,84,47
696,50,0,66278131,68.0,68.0,910166,进口食品超市•红酒•洋酒,0,112,49
697,78,0,2758486,20.0,0.0,261714,簋街仔仔·小龙虾外卖（北京店）,0,560,44
698,56,0,67230954,35.0,110.0,1128061,营养果园时尚鲜花,0,17,46
699,109,0,69711945,20.0,0.0,1655137,美蛙（望京店）,0,209,49
700,40,0,77300351,3.0,20.0,2245709,Oumuni韩式炸鸡（五道口店）,0,64,42
701,109,0,9014473,0.0,0.0,114181,凯吉利蛋糕,0,126,48
702,56,0,81763961,66.0,20.0,2107012,果香情浓鲜果批发配送中心,0,0,0
703,69,0,68082473,0.0,49.0,1379595,宅预达鲜花&绿植店,0,58,47
704,30,0,16832127,3.0,25.0,500618,老家肉饼（双清路店）,0,92,50
705,109,0,32666263,35.0,100.0,533514,一号码头海鲜,0,82,45
706,30,0,58434690,4.0,15.0,863972,河间人家驴肉火烧（农大店）,0,4,0
707,145,0,66916113,0.0,0.0,1108170,纯粹味觉蛋糕店,0,55,50
708,65,0,80526170,5.0,18.0,2024696,ZēZē 杯子蛋糕,0,22,49
709,34,0,17961329,4.0,15.0,195729,沙县小吃（财智店）,0,96,49
710,60,0,69664305,0.0,0.0,114184,凯吉利鲜花,0,3,0
711,35,0,58350845,5.0,20.0,1624625,Cafe de Paris帝佰利（五道口店）,0,15,44
712,62,0,68165319,20.0,50.0,1379613,勺勺炸鸡&便当,0,648,49
713,87,0,83548959,0.0,0.0,1990197,绿萝卜蛋糕坊,0,1299,49
714,60,0,57215987,7.0,0.0,663668,奔跑吧香锅烤鱼,0,350,49
715,68,0,58738754,22.0,45.0,764865,冬乐秀水果店,0,52,48
716,57,0,90375767,4.0,0.0,2263325,喵喵烤肉饭,1,45,32
717,45,0,65680538,5.0,20.0,794513,局气(五道口店),1,1117,47
718,41,0,77315930,3.0,15.0,2007080,Twelve Stations新西兰乳酪,0,72,45
719,56,0,9013036,0.0,0.0,1058206,味香多西饼店,0,4,0
720,134,0,23495578,0.0,0.0,222776,七月麦谷,0,151,49
721,84,0,60712039,39.0,169.0,377192,木子卷寿司（沿海赛洛城店）,0,268,49
722,36,0,65978103,5.0,20.0,844220,月卿云客（日式料理）,0,18,0
723,31,0,90288535,3.0,15.0,2237125,襄阳卷饼,0,98,49
724,72,0,67156553,0.0,0.0,1245590,蒂诺Dno蛋糕,0,53,45
725,50,0,79272821,54.0,0.0,2003786,电果网（小红门店）,0,54,49
726,56,0,90329941,35.0,100.0,2333244,品类汇精品鲜活海鲜（京深店）,0,1,0
727,34,0,79625393,3.0,0.0,2055210,烤铺烤肉拌饭,0,77,41
728,45,0,9040688,3.0,0.0,2316146,明洞排骨(流忙村),0,51,46
729,142,0,27241147,19.0,88.0,377200,蔬果到家,0,179,49
730,55,0,75159705,4.0,0.0,1846756,奇豆之恋·饮品店,0,5,0
731,32,0,18593960,5.0,20.0,641321,东方宫兰州牛肉拉面（五道口店）,0,402,45
732,71,0,58564031,15.0,0.0,1205611,巴黎贝甜（西翠路店）,0,231,47
733,56,0,4518383,25.0,0.0,1796062,恒美轩烧烤涮（总店）,0,12,0
734,56,0,80531689,22.0,68.0,1466086,营养鲜果庄园（枫蓝国际店）,0,50,49
735,85,0,73619364,0.0,20.0,1813144,品客千层蛋糕,0,18,49
736,40,0,19646100,45.0,158.0,989690,液店（进口酒水超市）,1,24,0
737,50,0,90601007,15.0,50.0,2354600,烧烤乐园,1,57,48
738,30,0,32774211,5.0,20.0,521799,杨国福麻辣烫（志新路店）,1,41,46
739,32,0,56538916,3.0,20.0,1907844,六婆龙虾饭,1,635,43
740,38,0,82848856,5.0,15.0,2126671,阿木小店,1,0,0
741,30,0,511846,5.0,15.0,1791119,伊喜外卖,1,9,0
742,50,0,69659558,100.0,300.0,1594078,澳洲生活汇超市,0,25,50
743,65,0,90038671,50.0,49.0,2203180,果润生鲜（石榴庄店）,0,131,48
744,38,0,65748848,4.0,15.0,874797,香肠公主（五道口店）,0,692,46
745,60,0,73394239,0.0,0.0,1743853,瑞瑞鲜花店,0,15,0
746,75,0,21973145,15.0,80.0,756200,南双北酪奶酪甜品店,0,584,48
747,50,0,58786706,35.0,0.0,377129,哈哈镜（陶然亭店）,0,855,49
748,58,0,90056977,15.0,0.0,2275899,司烤堂烧烤（五道口店）,0,64,45
749,93,0,79603665,15.0,0.0,2046674,乐味乐道千层榴莲甜品店,0,258,44
750,30,0,66615535,3.0,20.0,1395116,蒙太吉,0,378,47
751,56,0,17941314,0.0,0.0,227140,艺术蛋糕,0,32,47
752,74,0,90935018,0.0,0.0,1509641,开口乐蛋糕,0,40,50
753,34,0,27476859,7.0,0.0,2172126,虾吃虾涮（奥运村店）,0,33,42
754,146,0,2358520,10.0,0.0,156761,味多美（蛋糕店）,0,1545,46
755,49,0,21379842,3.0,18.0,389731,港饮小镇（北语店）,0,155,46
756,81,0,67831792,10.0,0.0,1297542,叫个鸡高端炸鸡店,0,276,47
757,77,0,69660818,50.0,0.0,1617146,蔬菜水果超市(石榴园店),0,226,49
758,55,0,38218989,8.0,0.0,430751,奔跑吧麻辣香锅外卖,0,1306,49
759,40,0,82688665,35.0,0.0,2094987,便民水果超市,0,64,48
760,91,0,68048082,50.0,98.0,1372497,广式药膳参鸡汤,0,314,48
761,60,0,90571930,0.0,100.0,2340881,韩涵婚礼花艺,0,3,0
762,60,0,69289308,0.0,0.0,1846690,小木屋花店,0,6,0
763,56,0,90113754,58.0,0.0,2228420,金牌烧烤店,1,42,45
764,56,0,69084228,4.0,20.0,1466103,骨骨·汤,1,0,0
765,56,0,2188672,36.0,69.0,2164394,烽火堂,1,0,0
766,34,0,76085946,4.0,0.0,1115215,传厨螺蛳粉（五道口店）,0,96,45
767,60,0,45343048,0.0,0.0,595194,尚品花艺（北京店）,0,26,49
768,72,0,77456017,45.0,0.0,1980684,石榴园便利超市,0,66,45
769,40,0,69084869,8.0,0.0,1466154,程诚水店,0,5,0
770,35,0,37772967,3.0,0.0,685074,湘当美快餐石锅拌饭,0,270,45
771,56,0,83529666,66.0,0.0,2133230,果意尚品水果批发配送,0,1,0
772,30,0,65920425,5.0,20.0,1953861,饺子缘,0,37,47
773,60,0,58878948,0.0,0.0,768849,百惠鲜花,0,2,0
774,324,0,65376402,0.0,60.0,836165,米帝欧蛋糕店,0,178,44
775,56,0,9020543,0.0,0.0,2298422,麦利红西饼屋,0,1,0
776,36,0,565909,6.0,20.0,794165,五方院,0,99,45
777,48,0,2410459,3.0,20.0,901232,西门烤翅家常菜,0,2130,45
778,35,0,57177871,6.0,0.0,794169,川湘小炒,0,334,44
779,39,0,90909513,5.0,20.0,2386731,生煎君（五道口店）,0,113,46
780,56,0,74553783,0.0,0.0,1795632,味品客蛋糕房,0,72,48
781,38,0,5693955,4.0,0.0,1046360,七道茶餐厅,0,8,0
782,60,0,24359205,0.0,0.0,285281,六六大顺精品鲜花屋,0,56,48
783,31,0,80994408,4.0,0.0,2098554,啊哈哈新疆米粉,1,109,44
784,33,0,3550024,5.0,0.0,2298391,麻辣烫,1,1,0
785,30,0,77233731,5.0,20.0,1953902,星辰花土豆粉,1,14,0
786,56,0,23625245,40.0,298.0,495942,十足目龙虾馆 总店,1,85,39
787,45,0,66731457,5.5,20.0,1015551,重庆小面,1,669,48
788,56,0,79626543,15.0,0.0,2055571,楚先生五谷养生代餐,1,41,47
789,55,0,91003526,3.0,0.0,2397455,米堡工厂（五道口店）,1,0,0
790,31,0,2404204,5.0,20.0,994094,快乐柠檬（北京五道口店）,0,542,48
791,70,0,24772147,0.0,0.0,495986,园丁精品鲜花店,0,694,48
792,60,0,66991335,0.0,0.0,1062162,御花缘花艺坊,0,0,0
793,51,0,79679923,7.0,25.0,2064339,真材实料牛肉饭,0,2171,46
794,56,0,90999454,0.0,0.0,1639665,御喜玛蛋糕店,0,1,0
795,60,0,69924566,0.0,0.0,1663570,花生活鲜花店,0,24,48
796,92,0,24306542,28.0,68.0,166610,武汉黑鸭,0,376,43
797,60,0,67507324,0.0,0.0,1205491,花之恋鲜花（小薇花艺）,0,1,0
798,38,0,68203905,3.0,25.0,1410389,旺龙西安肉夹馍,0,919,44
799,60,0,69061150,0.0,0.0,1461831,花仙搁花艺旗舰店,0,16,50
800,60,0,74610590,50.0,20.0,1808474,花语木（专业定制花礼）,0,0,0
801,40,0,20713908,1.0,500.0,898963,乐勤家（红酒、葡萄酒、海外直供）,0,0,0
802,39,0,68152625,5.0,30.0,1621114,巫山碳烤全鱼（圣熙8号店）,0,17,0
803,39,0,90504332,4.0,15.0,2315917,柏林热狗,0,69,48
804,67,0,65808817,15.0,150.0,1838716,快客披萨,0,35,41
805,46,0,75061166,3.0,20.0,2059906,诱一嘉骨汤麻辣烫,0,0,0
806,56,0,69721539,0.0,0.0,1613358,娃哈哈桶装水授权店,0,250,49
807,50,0,59138661,0.0,0.0,782051,恒大冰泉直销店,0,96,50
808,33,0,77003562,4.0,20.0,1947301,二十五块半（五道口店）,0,798,49
809,32,0,2935249,5.0,20.0,1561791,争鲜回转寿司(成府店),1,22,47
810,56,0,73662310,5.0,48.0,1786964,小米辣火锅烧烤,1,43,36
811,56,0,67379425,5.0,0.0,1683305,优意客披萨,1,0,0
812,55,0,77265061,3.0,38.0,1958775,父与子小屋（撸啊撸烤串）,1,42,49
813,50,0,69004835,3.0,15.0,1639559,金玉缘过桥米线,1,0,0
814,56,0,63206706,15.0,48.0,920341,杨子鲜果（西直门店）,1,0,0
815,33,0,77003562,4.0,20.0,1947301,二十五块半（五道口店）,0,798,49
816,41,0,73559721,4.0,0.0,2199215,美食君脆皮烤肉饭,0,187,46
817,60,0,90960390,25.0,150.0,2336940,垛花溪(北服店),0,0,0
818,56,0,72452671,17.0,100.0,209436,电果网（北京总店次日达）,0,3,0
819,120,0,58774651,0.0,0.0,487222,维尼斯蛋糕,0,214,48
820,50,0,79712586,15.0,80.0,1825978,麻辣香锅,0,632,47
821,33,0,83503879,3.0,15.0,2161410,原味觉醒•健康餐,0,2378,48
822,57,0,90039637,0.0,0.0,2203542,青春蛋糕店,0,78,44
823,47,0,48035925,5.0,30.0,1980778,果为鲜水果超市（丰台店）,0,421,44
824,56,0,77456385,0.0,20.0,1980777,果为鲜水果超市（海淀店）,0,619,46
825,50,0,45409775,50.0,90.0,530109,阳光乐购进口食品店,0,253,46
826,121,0,74630745,0.0,0.0,1813298,6+1 DIY 蛋糕店,0,112,50
827,30,0,8977715,5.0,20.0,1011616,川蜀家常菜,0,165,46
828,34,0,66409090,5.0,20.0,1492983,拾贰食,0,53,44
829,33,0,45687413,7.0,15.0,541505,虎头军煎饼（中关村店）,0,405,46
830,56,0,18754748,40.0,0.0,2122577,湖霸天海鲜（朝阳店）,0,0,0
831,51,0,90375220,45.0,150.0,2263070,鲜壹号生鲜,0,39,50
832,30,0,67898803,5.0,0.0,1513792,杨国福麻辣烫,0,8,0
833,56,0,57666771,0.0,0.0,2172328,诺卡欧蛋糕,0,6,0
834,56,0,82274970,35.0,100.0,2302404,Una's 甜品店(简餐),0,1,0
835,64,0,90339515,50.0,0.0,2254655,红螺坊（麻辣小龙虾海鲜）,1,345,43
836,66,0,58514825,0.0,0.0,928171,勿忘我鲜花（海澜花纺）,1,0,0
837,54,0,90275341,30.0,100.0,2232511,源鲜寿司,1,21,46
838,56,0,65724082,2.0,55.0,870735,食道乐韩式炸鸡,0,9,0
839,110,0,75089511,0.0,0.0,482453,奶油小森（大望路店）,0,40,50
840,56,0,19275264,26.0,70.0,1065516,聚鲜珍品·海鲜·小龙虾外卖（回龙观店）,0,10,0
841,31,0,66632469,5.0,35.0,1015919,金手勺（农大店）,0,570,44
842,70,0,69839115,65.0,88.0,417430,哈哈镜,0,757,47
843,35,0,83546173,7.0,0.0,2191474,勇敢的厨子（中关村店）,0,414,48
844,55,0,69048310,7.0,20.0,2319649,Les Fruits Rouges,0,1,0
845,56,0,59402752,0.0,0.0,809583,花秀花香鲜花店,0,1,0
846,56,0,91034465,6.0,20.0,2406351,赛易味,0,0,0
847,53,0,67791964,5.0,69.0,149355,比萨家族（上地店）,0,1346,47
848,37,0,83622471,3.0,5.0,2187603,瑰族-创意餐厅（五道口店）,0,2606,48
849,36,0,90421494,7.0,0.0,2280680,九品太煲·铁煲饭,0,412,45
850,56,0,32344605,12.0,300.0,1768500,琦料理,0,11,0
851,40,0,79615258,6.0,0.0,2051083,台湾第1大鸡排（中关村店）,0,1659,46
852,69,0,79244412,15.0,0.0,153173,淘汰郎小火锅（北京店）,0,1183,49
853,56,0,24594806,0.0,88.0,289229,小怪兽甜点,0,5,0
854,58,0,27227818,8.0,60.0,2298584,榴莲哥蛋糕（大钟寺店）,0,37,50
855,61,0,79257287,36.0,100.0,2122513,村上一屋日料寿司（三里屯店）,0,584,46
856,60,0,80272943,0.0,0.0,2077294,私人订制鲜花店（一分店）,0,49,35
857,81,0,69094451,0.0,0.0,496009,斯蒂温花艺（北京总店）,0,71,47
858,65,0,76926864,30.0,128.0,1932056,望京小腰,1,571,45
859,35,0,73591904,3.0,0.0,1760883,排骨汤·排骨米饭,1,0,0
860,55,0,21799477,6.0,20.0,809584,碳花烤翅,1,0,0
861,56,0,23933026,5.0,20.0,214308,大船炒饭+木桶饭（幸福超市店）,1,0,0
862,50,0,67969302,7.0,20.0,2319683,小红果（中关村店）,0,10,0
863,135,0,32712003,10.0,60.0,370358,7cake榴莲千层蛋糕,0,94,47
864,35,0,511023,5.0,20.0,469825,满盆香水煮鱼,0,36,48
865,50,0,17105567,5.0,39.0,1240557,冶金超市,0,205,44
866,38,0,79604364,6.0,0.0,2046971,遇健·低脂健康餐（中关村）,0,1529,48
867,60,0,79665026,0.0,0.0,2280635,爱丽缘鲜花水果店（鼓楼店）,0,0,0
868,56,0,73427849,19.0,80.0,1756981,南国海鲜,0,3,0
869,64,0,69856486,40.0,100.0,1648207,披萨意工坊,0,77,39
870,60,0,73566464,46.0,50.0,1768550,袁梦鲜花店,0,0,0
871,30,0,4796138,5.0,20.0,801931,巴渝川菜,0,72,49
872,56,0,73545994,5.0,20.0,1773931,披萨革命（中关村店）,0,257,46
873,60,0,77003223,0.0,0.0,1947187,御缘花艺,0,49,45
874,40,0,59256846,10.0,0.0,801927,北京王永军水店（全程配送）,0,10,0
875,55,0,27299842,5.0,0.0,2378132,德州扒鸡（中关村南路店）,0,9,0
876,62,0,49130687,16.0,30.0,2203401,鲜果味（安定门店）,0,136,48
877,39,0,18000740,5.0,0.0,1557839,赛百味（中关村店）,0,145,48
878,60,0,79428093,0.0,0.0,2021066,假日花坊鲜花店,0,0,0
879,31,0,83206659,3.0,0.0,2280615,一丁目牛肉饭,0,39,0
880,56,0,90974738,40.0,58.0,2366563,牛宝宝(生鲜果蔬调料店),0,1,0
881,68,0,90421508,45.0,99.0,2280612,鲜果多（鲜切水果）,0,96,44
882,95,0,19589289,34.0,38.0,673972,古早味（安定门店）,0,89,48
883,56,0,77291771,20.0,188.0,610557,鬼掉牙炭烤羊排,1,0,0
884,38,0,58331899,5.0,35.0,998143,火齐潮汕砂锅粥(五道口店),1,1248,48
885,120,0,5171077,9.0,30.0,1020203,哈根达斯(北京五道口店),1,0,0
886,55,0,2372335,5.0,30.0,1582184,美都波（韩式烤肉）,1,0,0
887,95,0,19589289,34.0,38.0,673972,古早味（安定门店）,0,89,48
888,40,0,69130128,4.0,0.0,1482141,小火慢炖排骨米饭（中关村店）,0,3204,47
889,51,0,513406,4.0,20.0,623524,大杜满腹,0,1927,46
890,31,0,23892362,5.0,15.0,345784,杨国福麻辣烫（大屯路店）,0,1158,43
891,56,0,79416418,9.0,40.0,2080089,101西餐厅（五道口店）,0,7,0
892,50,0,3339409,38.0,88.0,552618,GreenTree绿树超市（望京店）,0,426,48
893,96,0,45420564,25.0,68.0,552623,金果园干果店,0,84,46
894,79,0,2519461,15.0,50.0,227659,欧麦甜品烘焙,0,373,44
895,74,0,76078673,60.0,198.0,1869913,飞儿秘制海鲜小龙虾外卖,0,305,47
896,56,0,23387882,25.0,0.0,2297053,诺卡欧蛋糕,0,5,0
897,56,0,72093056,23.0,98.0,1707370,云朵寿司,0,16,0
898,59,0,59132408,10.0,50.0,786662,北京鸿雁桶装水站,0,68,46
899,40,0,76761396,3.0,0.0,1901520,疯保一锅香,0,2950,47
900,43,0,4173325,2.0,20.0,215588,衢州餐厅（黄焖鸡＋湘味小炒）,0,2009,47
901,56,0,514239,30.0,100.0,464641,金簋小山城（簋街总店）,0,140,50
902,123,0,59419275,20.0,50.0,812616,AnandaCake喜愿蛋糕,0,56,50
903,31,0,56879196,7.0,20.0,1926520,伊兰桂坊中华兰州牛肉拉面（清真）,0,18,50
904,57,0,38206335,12.0,20.0,566229,哈哈镜（三元桥店）,0,618,48
905,60,0,20725803,0.0,0.0,864648,花缘鲜花店,0,5,0
906,56,0,75661379,0.0,0.0,1865315,缘心蛋糕坊（苏州街店）,0,1,0
907,91,0,74570687,25.0,0.0,1796576,蟹鲜生阳澄湖大闸蟹,1,55,43
908,79,0,90024896,3.0,20.0,142995,味好美味手工Pizza坊,1,315,47
909,30,0,90058214,5.0,20.0,2355904,披萨工廠Pizza Factory（五道口店）,1,1,0
910,64,0,76761326,0.0,50.0,1901525,烧烤诱惑,1,795,45
911,41,0,90041498,3.0,15.0,2204520,壹殿仟麺,1,21,48
912,30,0,76091961,5.0,20.0,1874251,德州扒鸡（五道口店）,0,5,0
913,56,0,18967413,0.0,100.0,238873,GANSO元祖蛋糕（望京西路店）,0,17,0
914,62,0,76660897,0.0,0.0,1882922,源香花坊（海淀店）,0,190,48
915,55,0,67902385,5.0,20.0,1788861,锅说一次用油重庆老火锅（清华店）,0,0,0
916,74,0,79712548,20.0,108.0,2152108,秘制家小龙虾,0,131,50
917,40,0,22806578,5.0,0.0,640804,西域美食坊（清真店）,0,192,47
918,60,0,37783052,15.0,0.0,2048787,英凯超花艺&鲜花,0,0,0
919,56,0,67511971,20.0,99.0,1207041,幺米寿司·三文鱼,0,1,0
920,61,0,3668452,2.0,38.0,1264467,和庆斋火爆炸鸡店,0,716,47
921,50,0,59220254,16.0,45.0,795378,醇香烤地瓜VS迁西糖炒栗子,0,214,47
922,145,0,4131471,5.0,50.0,740063,哥们儿de小馆儿,0,128,46
923,41,0,59068071,5.0,50.0,782344,晋豫羊汤,0,80,44
924,44,0,75156769,5.0,0.0,2239731,蜀湘营养快餐（中关村店）,0,622,42
925,82,0,40017037,8.0,68.0,168996,麻辣村香锅烤鱼（朝阳店）,0,238,48
926,75,0,58977328,40.0,0.0,786602,叁圆小龙虾,0,944,48
927,36,0,58577562,5.0,20.0,755625,The Red House,0,10,50
928,46,0,67405206,35.0,0.0,1183109,川娃子江湖菜,0,404,45
929,59,0,67404751,22.0,38.0,1183114,领鲜·挪威三文鱼,0,396,48
930,30,0,18970966,3.0,20.0,689602,京川婆婆骨汤麻辣烫（五道口店）,1,249,46
931,56,0,69469846,40.0,98.0,1559069,大嘴龙虾,1,1,0
932,54,0,77476249,40.0,48.0,2301374,虾PLUS（朝阳大悦城店）,1,58,45
933,67,0,23746630,30.0,190.0,1777194,萨奇披萨,1,75,48
934,40,0,80620052,0.0,0.0,667252,蓝色经典名酒茗茶超市,1,16,0
935,56,0,59113444,19.0,128.0,782384,辣啊尧,1,0,0
936,45,0,76848905,7.0,0.0,1943658,阿呆的厨房（米粉，面条，咖喱饭）,0,100,45
937,60,0,81000462,0.0,0.0,2099936,馨香苑鲜花,0,0,0
938,130,0,48684547,19.0,88.0,380856,每日鲜水果,0,90,49
939,56,0,43609442,0.0,0.0,732322,焙客法式蛋糕,0,71,47
940,61,0,80616123,4.0,20.0,2099738,意拉维纳西餐,0,226,44
941,39,0,58563510,4.0,15.0,786499,三顾堂（中关村店）,0,2145,45
942,56,0,90996306,0.0,0.0,2394949,CoCo蛋糕房,0,10,0
943,46,0,24766090,5.0,28.0,962505,果麦（北京语言大学店）,0,10,0
944,56,0,14197822,25.0,99.0,744239,北京多乐滋瑞商贸有限公司,0,23,0
945,33,0,17203536,4.0,10.0,158409,大鸡排（北大旗舰店）,0,1291,47
946,71,0,66761025,20.0,0.0,1019782,AJ清真烧烤,0,352,48
947,36,0,2212855,4.0,50.0,384660,银海盛（学院路店）,0,499,49
948,56,0,90523362,0.0,26.0,2325441,食侠客黄焖鸡（中关村店）,0,295,44
949,56,0,67801058,25.0,0.0,1291652,哈哈镜木樨地店,0,8,0
950,140,0,24308049,0.0,0.0,154021,维思客彩虹蛋糕,0,94,44
951,44,0,66249900,3.0,15.0,1477640,新西兰岩烧乳酪（五道口店）,0,59,40
952,40,0,90029320,0.0,12.0,2199648,乐百氏水便利(桶装水),1,7,0
953,56,0,90577914,9.0,0.0,1751000,滋滋烤锅,1,5,0
954,56,0,80528850,65.0,20.0,2075892,品一鲜果园批发（八里桥店）,1,0,0
955,37,0,24824777,7.0,20.0,1183095,三秦味道,1,41,44
956,56,0,66808281,20.0,150.0,1423678,三个渔夫●老坛酸菜鱼,1,0,0
957,56,0,70000541,55.0,50.0,1676035,优味粥坊砂锅粥,1,21,0
958,40,0,66912548,5.0,20.0,1046552,馋猫零食小铺,1,0,0
959,30,0,8969432,3.0,15.0,193091,龙兴刀削面,0,283,40
960,60,0,70599104,10.0,50.0,1722636,爱莱鲜花店,0,1,0
961,56,0,90286060,0.0,0.0,2236281,甜一点蛋糕坊,0,44,45
962,36,0,27539060,6.0,0.0,1693665,八戒（猪蹄饭＋蛋炒饭）,0,230,47
963,30,0,65406575,3.0,0.0,1788721,芙蓉社,0,20,0
964,81,0,5541013,35.0,0.0,514776,蛙蛙叫干锅年代（总店）,0,951,46
965,98,0,69105438,60.0,200.0,1930455,Strasbourg思特堡（霄云路店）,0,153,46
966,32,0,66085429,8.0,30.0,1341030,张记平娃三宝(畅春园店),0,137,46
967,60,0,69226280,0.0,0.0,1506291,花儿速递,0,22,46
968,37,0,6598890,4.0,20.0,767053,1+1意面工坊,0,698,46
969,35,0,90342683,6.0,0.0,627271,田妈妈的味道（日月飞）,0,2311,45
970,60,0,74609823,0.0,0.0,1808164,鑫美鲜花店,0,75,50
971,37,0,57016019,6.0,0.0,658595,云南过桥米线,0,3702,46
972,56,0,4732587,25.0,80.0,566057,3A07逆爱杯子蛋糕,0,16,50
973,73,0,32675811,15.0,0.0,514746,美蛙私厨（立水桥店）,0,493,49
974,56,0,20840892,50.0,128.0,2282070,朱小妹海味（四惠店）,0,39,42
975,50,0,77333670,49.0,99.0,2142374,北京石榴园陈书红食品店,0,55,48
976,34,0,57516927,6.0,15.0,689434,十八碗菜蒸香,0,3279,44
977,41,0,18258975,5.0,0.0,1563533,江边城外烤全鱼(五道口店),0,26,42
978,34,0,3712711,3.0,25.0,795202,兰州优质拉面,0,208,48
979,39,0,76903221,7.0,0.0,2130901,爱鲜果（中关村店）,1,3,0
980,40,0,82685299,0.0,58.0,2121644,北京光玉琨宏食品商贸中心,1,18,0
981,55,0,90105015,5.0,20.0,2225784,一品正港年大鸡排（学院路店）,1,0,0
982,56,0,76831488,40.0,30.0,1905190,真格甜品,0,2,0
983,43,0,45349276,6.0,0.0,763201,章鱼烧手抓饼,0,954,47
984,75,0,38108752,0.0,0.0,834278,状元阁鲜花,0,209,49
985,36,0,19218815,6.0,0.0,786481,湘味浓木桶饭,0,863,48
986,60,0,66321234,0.0,0.0,938059,春城花店,0,5,0
987,42,0,90496980,5.0,0.0,2312468,知心百味木桶饭（中关村店）,0,855,41
988,56,0,67881272,0.0,20.0,1429294,爱蒂宝鲜果花全城送(北京),0,10,0
989,70,0,90570160,40.0,88.0,2340617,猫山兄弟（榴莲·果切）,0,34,44
990,85,0,67728476,20.0,149.0,1271931,友佳水果店,0,79,46
991,36,0,58909283,3.0,0.0,770584,晋味刀削面（黄焖鸡米饭）,0,1023,44
992,57,0,66394811,24.0,100.0,981948,韩国炸鸡,0,533,48
993,60,0,90505147,0.0,0.0,2316339,星期八鲜花,0,47,48
994,30,0,19013087,6.0,20.0,457534,周黑鸭(北京清华大学店),0,923,48
995,56,0,63168462,0.0,128.0,825718,美之味西点蛋糕,0,42,46
996,43,0,74474860,0.0,0.0,1827177,久遇进口葡萄酒直营店,0,61,50
997,47,0,83592835,5.0,25.0,2182499,食尚黄焖鸡,0,506,44
998,56,0,67407310,18.0,150.0,693706,小田水产海鲜行,0,0,0
999,41,0,68062291,16.0,149.0,2232315,欲念情趣生活超市（大悦城旗舰店）,0,177,47
1000,60,0,90959975,0.0,0.0,2381443,flowerplus（北京店）,0,0,0
1001,40,0,68114759,0.0,20.0,1341415,怡宝专卖店（全城）,0,21,0
1002,30,0,20926517,3.0,15.0,97733,米乐家（五道口店）,1,20,0
1003,56,0,76860704,35.0,0.0,1847909,新发地果蔬超市,1,0,0
1004,56,0,17965041,8.0,60.0,180356,经贸串吧（韩式炸鸡）,1,10,0
1005,68,0,79368777,65.0,0.0,2014787,辣蛙私厨,0,86,47
1006,60,0,69834663,0.0,0.0,1957561,四季百盛花房,0,0,0
1007,75,0,79368075,65.0,0.0,2014785,美蛙（朝阳门店）,0,391,48
1008,63,0,74620660,6.0,20.0,164948,果腿儿鲜果切,0,6071,48
1009,56,0,83480733,18.0,0.0,2152398,水果蔬菜,0,51,43
1010,32,0,90554865,7.0,0.0,2336261,乌煎道黑龙茶,0,281,47
1011,36,0,17687675,5.0,15.0,384813,小豆面馆(北大南门店),0,390,43
1012,50,0,23626323,0.0,0.0,279978,靖天酒业,0,99,49
1013,50,0,8817096,28.0,128.0,2360085,花果山农水果超市,0,64,46
1014,47,0,76405601,5.0,25.0,1901226,咖喱荣（澳门菜）,0,48,49
1015,48,0,90564104,5.0,0.0,2336382,纯湘味道（中关村店）,0,174,38
1016,30,0,65873193,8.0,20.0,728622,养亿人麻辣烫（北大南门店）,0,435,48
1017,56,0,32343696,60.0,0.0,1462663,宽板凳老灶火锅（簋街店）,0,59,45
1018,60,0,15916123,10.0,0.0,652666,元素鲜花蛋糕,0,2,0
1019,56,0,24508417,25.0,0.0,2232240,REGGAE精酿啤酒,0,7,0
1020,50,0,80617589,50.0,68.0,2087597,睦缘烟酒水果超市（鲜切水果）,0,182,49
1021,71,0,16762123,0.0,100.0,318838,站点比萨（中关村餐厅）,0,278,49
1022,30,0,6967331,6.0,20.0,250760,味多美（五道口店）,1,157,50
1023,40,0,90020922,18.0,88.0,2148087,鸿福新宇生活超市(西四店),1,0,0
1024,56,0,38509652,20.0,0.0,604201,淘虾记（中关村店）待删除门店,1,1,0
1025,56,0,38487503,20.0,0.0,604195,淘虾记（北辰店）,1,3,0
1026,56,0,79300194,55.0,138.0,2221780,鮨之屋精致寿司,1,0,0
1027,56,0,80617491,20.0,50.0,2087592,炸鸡＆啤酒（人大店）,0,88,48
1028,50,0,14922496,35.0,35.0,530528,建发烟酒超市,0,477,48
1029,42,0,50319958,2.0,0.0,770632,一锅香过桥米线,0,1406,47
1030,36,0,67549534,3.0,0.0,1187249,姜小灶de鲜汁捞饭（五道口店）,0,556,47
1031,60,0,82880740,20.0,199.0,2129020,日光倾城FLOWERS鲜花店,0,5,0
1032,60,0,2515585,1.0,20.0,138421,川江水岸,0,343,47
1033,38,0,66413529,5.0,0.0,962111,驴肉火烧（中关村店）,0,241,45
1034,60,0,80827999,10.0,0.0,1081706,果腿儿鲜果切,0,3255,48
1035,56,0,69123490,45.0,100.0,1478109,有虾有蟹,0,12,0
1036,39,0,90588677,4.0,0.0,2367824,三品家新派快餐（中关村店）,0,45,45
1037,56,0,69282095,40.0,35.0,1520940,哈哈镜（长椿街店）,0,20,0
1038,34,0,69039014,5.0,20.0,2169072,虾吃虾涮（五道口店）,0,31,0
1039,30,0,65504301,9.0,20.0,843228,米有理由（中关村店）,0,1427,49
1040,36,0,90416642,3.0,0.0,2278108,味聚园黄焖鸡米饭,0,260,42
1041,56,0,27161142,30.0,100.0,346079,秀秀水果大世界,0,65,41
1042,40,0,2901229,9.0,0.0,297049,必胜宅急送（双清路餐厅）,0,895,49
1043,46,0,90274621,5.0,20.0,2232168,胖阿姨花式炒饭,0,557,47
1044,91,0,24031302,19.0,99.0,193402,鑫鑫日料,0,170,49
1045,67,0,90528630,32.0,120.0,2327760,经典鲍师傅糕点（北京站店）,0,84,48
1046,43,0,82374841,5.0,20.0,2117400,渔人杰（保福寺店）,1,112,39
1047,116,0,57732249,0.0,50.0,1291370,Yummy Box 美盒比萨（五道口店）,1,80,48
1048,30,0,66869603,3.0,15.0,2316459,赞ing斜杠青年餐厅,1,14,50
1049,45,0,90424508,9.0,0.0,2282266,酷鱼派酸菜鱼@米饭（中关村店）,1,57,44
1050,58,0,90398434,3.0,100.0,1865665,煲仔先生,0,520,47
1051,56,0,70517042,15.0,40.0,2208744,果好味（西四店）,0,12,0
1052,79,0,69002218,35.0,99.0,1521118,卿味寿司（尚品店）,0,66,49
1053,54,0,66038221,2.0,25.0,909070,HappyChicken炸鸡,0,117,50
1054,49,0,67265281,50.0,170.0,1134316,哈哈镜王老太小海鲜,0,372,49
1055,40,0,58477186,0.0,50.0,747876,叶小叶,0,8,0
1056,47,0,59422510,6.0,20.0,813028,王子名凉皮,0,236,46
1057,79,0,50381490,39.0,169.0,98966,木子卷寿司,0,191,42
1058,56,0,515003,0.0,59.0,916826,千滋百味蛋糕甜品,0,3,0
1059,56,0,15920494,0.0,0.0,1124465,那茉蛋糕－北京店,0,4,0
1060,75,0,24972102,0.0,0.0,2155533,八喜冰淇淋蛋糕（工厂店）,0,207,49
1061,60,0,59441940,0.0,0.0,816891,伊帆花艺（鲜花速递）,0,0,0
1062,56,0,82680978,20.0,100.0,2121416,魜美海味鲜（安定门内店）,0,26,50
1063,88,0,2067742,8.0,80.0,610125,丰润雅苑辣到家,0,49,49
1064,50,0,24346404,16.0,20.0,227573,哈哈镜（圆西路店）,0,183,45
1065,81,0,69858802,20.0,0.0,1672050,乐记蛋糕坊,0,344,49
1066,134,0,19164707,0.0,0.0,1466960,Alicehandcake（艾利喵蛋糕欧陆店）,0,164,49
1067,109,0,13734266,0.0,0.0,442148,安安佳美蛋糕店,0,41,46
1068,50,0,59441486,5.0,30.0,816774,老黄牛好果蔬(长楹天街店),0,203,47
1069,109,0,22307481,0.0,0.0,530685,美味可口蛋糕,0,2048,49
1070,56,0,73601146,25.0,15.0,1943941,Masternest,1,0,0
1071,56,0,511237,0.0,10.0,106702,窝夫小子,1,4,0
1072,60,0,90604518,0.0,0.0,2356055,花里花外创意花店,1,0,0
1073,40,0,22464765,36.0,0.0,943026,金色内蒙古,1,6,0
1074,56,0,90329858,38.0,300.0,2251464,金牛蔬果鲜菜篮子,0,24,48
1075,72,0,32322953,3.0,35.0,1191507,枣糕王,0,58,49
1076,64,0,18340543,40.0,0.0,367360,簋街麻辣小龙虾（24h外卖）,0,105,49
1077,63,0,20967228,10.0,0.0,32991,人民公社（五道口店）,0,607,44
1078,30,0,50624968,5.0,20.0,1019608,优粮生活(六道口店),0,890,47
1079,45,0,68074444,5.0,0.0,2316492,门框百年卤煮（中关村店）,0,209,47
1080,56,0,80530067,66.0,0.0,2076038,京通水果之家鲜果配送中心,0,7,0
1081,30,0,79709954,6.0,20.0,2076039,松鼠便利（清枫华景园店）,0,221,50
1082,56,0,77309021,0.0,0.0,1967194,野兽派鲜花蛋糕连锁北京店,0,42,44
1083,56,0,5248071,15.0,120.0,2325152,梦幻紫蛋糕店,0,10,0
1084,121,0,69261511,13.0,50.0,1513413,Ananda喜愿蛋糕（知春路店）,0,63,50
1085,62,0,69806822,0.0,0.0,2006263,七鲜花旗舰店,0,124,46
1086,60,0,90493038,10.0,10.0,2309752,山里娃鲜花店,0,0,0
1087,30,0,66050831,5.0,20.0,1121144,井冈人家,0,669,47
1088,30,0,26233438,5.0,20.0,767344,馅多多饺子坊,0,1017,49
1089,62,0,5201155,6.0,40.0,85064,约克比萨,0,745,43
1090,30,0,512933,5.0,20.0,621690,云尊府云南菜,1,148,42
1091,56,0,76899449,20.0,0.0,2356012,T6火锅（回龙观店）,1,0,0
1092,56,0,67389262,20.0,128.0,1406211,蜀留香小龙虾海鲜(管庄店),1,9,0
1093,56,0,67388936,20.0,128.0,1406210,蜀留香小龙虾海鲜(朝阳店),1,7,0
1094,96,0,67390156,20.0,128.0,1406209,蜀留香小龙虾海鲜(西城区店),1,50,38
1095,82,0,77276167,3.0,15.0,1961267,优品诺客(五道口),1,0,0
1096,56,0,67389412,20.0,128.0,1406213,蜀留香小龙虾海鲜((丰台店),1,8,0
1097,56,0,67389139,20.0,128.0,1406212,蜀留香小龙虾海鲜(槐房西路店),1,16,0
1098,62,0,5201155,6.0,40.0,85064,约克比萨,0,745,43
1099,56,0,66075414,0.0,20.0,913392,巴不得韩式快餐,0,57,38
1100,40,0,37954817,5.0,35.0,923577,尚府一品,0,18,0
1101,55,0,68002985,3.0,15.0,1353863,不错三明治（五道口店）,0,0,0
1102,60,0,73593988,0.0,0.0,1776720,草木时空鲜花_北京,0,8,50
1103,88,0,72464334,40.0,0.0,1734853,黄掌门生鲜,0,70,45
1104,72,0,79677673,40.0,0.0,2087366,名果鲜切坊,0,313,48
1105,30,0,67731529,5.0,20.0,1272655,AmazingBurger,0,1962,48
1106,40,0,37778139,6.0,0.0,1662196,济味源商诚黄焖鸡米饭,0,512,47
1107,33,0,3101473,3.0,0.0,556479,晨香源一品粥（五道口店）,0,2924,46
1108,56,0,69096295,40.0,0.0,1043342,两只小鱼海鲜,0,6,0
1109,85,0,76383406,0.0,0.0,1878033,艾利兔蛋糕,0,146,50
1110,67,0,67630692,5.0,25.0,1241559,果真如此,0,239,48
1111,50,0,67311683,7.0,55.0,437744,贝克汉堡,0,1142,44
1112,36,0,79601648,3.0,0.0,2045684,冯记老鸭粉丝汤,0,933,47
1113,95,0,70604764,40.0,0.0,1688659,鲜渔鲂,0,86,50
1114,50,0,67405285,53.0,0.0,1562989,果而鲜水果超市,0,115,47
1115,35,0,69087720,3.0,0.0,215053,온새미로(本色本样),0,324,48
1116,88,0,67474666,49.0,158.0,1406703,河风精致寿司,0,2296,49
1117,56,0,56789873,25.0,0.0,743844,鸡小馆,0,10,0
1118,56,0,48010354,3.0,20.0,622480,爱丁堡,1,0,0
1119,32,0,66375821,7.0,0.0,981122,D2咖啡,1,22,50
1120,49,0,66110053,15.0,80.0,946437,炸鸡啤酒林萃路店,1,266,48
1121,33,0,2337358,3.0,20.0,1957264,栗圣源精品油栗干果店,1,12,0
1122,56,0,513258,0.0,0.0,984204,汇力发饼屋（新街口店）,0,47,48
1123,60,0,73409911,0.0,0.0,1750464,鲜花坊(玫瑰情缘鲜花),0,35,50
1124,53,0,23593306,15.0,0.0,522848,麻尚送麻辣香锅（五道口店）,0,1694,47
1125,50,0,90314464,20.0,50.0,2246750,龙虾盖浇饭（麻辣小龙虾）,0,207,44
1126,50,0,80538661,0.0,0.0,2339962,为优美烘焙,0,21,49
1127,70,0,59133609,30.0,168.0,1111525,虾客坊(小龙虾外卖),0,236,48
1128,39,0,77223925,5.0,0.0,1952986,宜宾燃面&盖浇饭,0,480,45
1129,57,0,24400603,22.0,0.0,1168815,大果蔬篮子（新街口店）,0,505,47
1130,60,0,70789848,0.0,10.0,1692971,一语花香（colour鲜花店）,0,2,0
1131,60,0,65744235,50.0,0.0,873843,快客鲜花,0,5,0
1132,60,0,77294658,0.0,0.0,1965981,花花大世界,0,4,0
1133,31,0,19107806,3.0,15.0,510228,缘来味重庆小面（清华东路店）,0,543,46
1134,99,0,67567498,0.0,0.0,1221722,idu鲜花,0,0,0
1135,30,0,19322370,3.0,0.0,24380,虎头军煎饼（五道口店）,0,1074,48
1136,32,0,23365518,5.0,33.0,674530,e佰超市,0,360,49
1137,60,0,75181051,0.0,0.0,1853271,花之恋鲜花（南路店）,0,0,0
1138,82,0,65696126,0.0,0.0,965672,三月蛋糕,0,89,47
1139,86,0,67832524,40.0,0.0,1298919,宫廷贡栗水果超市,0,273,47
1140,60,0,57274915,0.0,0.0,934452,美涵鲜花总店,0,30,46
1141,54,0,25034529,5.0,20.0,456806,MusangKing猫山王,0,309,49
1142,55,0,67883476,6.0,20.0,1315357,国安好饭(五道口店),1,0,0
1143,32,0,67112072,3.0,20.0,1187518,麦家小馆（学清路店）,1,697,47
1144,75,0,66759180,30.0,108.0,1043439,八零烧烤私房小龙虾,1,150,45
1145,56,0,69622595,35.0,0.0,1583397,妙木村馋嘴蛙,0,16,0
1146,56,0,79452602,35.0,0.0,2025683,珍鑫鱻生鲜果蔬,0,34,0
1147,39,0,2636752,3.0,0.0,2142949,徐记黄焖鸡麻辣烫（中关村店）,0,381,43
1148,37,0,5989921,3.0,15.0,622865,康师傅私房牛肉面(东源店),0,1633,47
1149,56,0,77294543,0.0,0.0,1965919,图拉米其林甜点 （朝阳店）,0,14,0
1150,60,0,58183640,0.0,0.0,748117,万佳鲜花(北京店),0,79,47
1151,65,0,90330915,10.0,60.0,2251186,鸿韵生鲜果蔬超市,0,181,42
1152,50,0,74597694,55.0,88.0,1803379,24小时果蔬生活超市,0,84,48
1153,56,0,67558962,45.0,0.0,1218550,老鬼龙虾（麻辣小龙虾海鲜外卖）,0,34,33
1154,35,0,5734131,5.0,15.0,262897,沙县小吃（中关村一桥店）,0,262,47
1155,33,0,66073781,3.0,0.0,913241,疯狂蛋炒饭,0,3891,46
1156,56,0,73576737,0.0,0.0,1961561,蜜芽春天蛋糕,0,16,0
1157,56,0,6040272,18.0,150.0,748138,匹考克甜品,0,25,0
1158,50,0,77263884,0.0,0.0,1961566,酒直供,0,5,0
1159,30,0,23183794,3.0,15.0,613717,晨香源一品粥（学知园店）,0,836,48
1160,36,0,73556825,7.0,0.0,1765857,小火慢炖排骨米饭（图书大厦店）,0,834,46
1161,30,0,69215347,3.0,0.0,1497858,三头小猪排骨饭(五道口),1,0,0
1162,56,0,66279809,26.0,0.0,1160151,仙外鲜小海鲜（簋街形象店）,1,0,0
1163,55,0,90415690,3.0,0.0,2277663,慢半拍咖啡,1,0,0
1164,71,0,67329762,18.0,0.0,2376736,龙大虾·小龙虾·牛蛙（望京店）,1,72,50
1165,70,0,83612086,38.0,128.0,1750278,e果e家,1,83,47
1166,32,0,5306282,4.0,20.0,1082021,首尔798（东源店）,1,302,46
1167,56,0,69075607,65.0,300.0,2305040,好记龙虾,1,8,0
1168,60,0,66283909,0.0,90.0,938969,花礼网（北京店）,1,0,0
1169,34,0,66467642,5.0,20.0,1276625,优溢源冻酸奶店,0,230,49
1170,96,0,80622902,19.0,98.0,262851,辣滋味私房小龙虾,0,570,48
1171,32,0,38220626,3.0,0.0,1662044,香满城烤肉拌饭—酸辣粉,0,189,49
1172,42,0,65504764,4.0,15.0,843311,百拿滋（三明治）,0,303,44
1173,95,0,79269598,19.0,98.0,2002616,聚鑫源私房小龙虾,0,227,48
1174,60,0,79664085,0.0,200.0,2067598,魏微花卉,0,0,0
1175,60,0,90980225,0.0,0.0,2389826,心语花苑花店,0,1,0
1176,32,0,76848518,7.0,20.0,2317274,武虾小说（小龙虾饭）,0,187,47
1177,75,0,72465914,15.0,0.0,1730868,阳澄湖大闸蟹,0,48,49
1178,130,0,67388869,18.0,0.0,1168701,腾飞挪威三文鱼,0,128,48
1179,39,0,80541970,3.0,0.0,2080687,FAST BURGER(快汉堡),0,243,45
1180,40,0,66109224,45.0,0.0,1103635,柳清河果蔬超市,0,16,50
1181,40,0,75127680,20.0,129.0,228267,尽爱,0,43,0
1182,56,0,69220386,55.0,0.0,1967954,宽板凳老灶火锅（门头沟店）,0,14,0
1183,51,0,90314915,5.0,0.0,2246856,面面俱到（中关村店）,0,93,36
1184,56,0,76933967,10.0,80.0,1895442,皖金牛糕点,0,1,0
1185,60,0,75183369,0.0,0.0,1853428,私人定制鲜花店,0,48,43
1186,56,0,74597570,5.0,0.0,1803316,蜜桃屋榴莲蛋糕千层甜品,0,10,0
1187,60,0,66963515,0.0,0.0,1055324,花间派花坊,0,43,49
1188,52,0,58968864,0.0,0.0,822155,名酒专卖进口红酒专卖店,0,123,49
1189,56,0,82330508,35.0,100.0,2116755,楼下有虾,0,13,0
1190,86,0,70446996,15.0,0.0,613653,Tasty cake,0,42,46
1191,43,0,43689977,3.0,15.0,1610571,秦风主题餐厅,1,0,0
1192,74,0,10334954,9.0,74.0,878257,榴莲与芝士,1,92,50
1193,55,0,67649231,6.0,50.0,1248565,啤器啤酒超市,1,5,0
1194,60,0,66787709,0.0,50.0,1023204,满天星花艺,0,0,0
1195,56,0,69079298,50.0,150.0,2067670,本纯食社,0,1,0
1196,57,0,57393884,19.0,168.0,689977,海鲜师（麻辣鲜香）,0,89,47
1197,30,0,23104691,7.0,0.0,1961480,中国兰州牛肉拉面,0,5,0
1198,34,0,69757980,6.0,0.0,839506,老火记香河肉饼过桥米线黄焖鸡,0,183,46
1199,30,0,15992876,5.0,20.0,510350,庆丰包子铺(蓝旗营店）,0,765,49
1200,46,0,50561602,0.0,99.0,519151,航通便利店,0,9,0
1201,61,0,81375718,8.0,68.0,2103677,酸菜鱼回来了（火沙路店）,0,246,44
1202,93,0,67207124,48.0,0.0,1116314,二商大红门冷鲜肉（石榴派旗舰店）,0,258,49
1203,39,0,83508973,3.0,0.0,2165657,宏量阿拉伯烤肉拌饭,0,70,48
1204,56,0,79314521,23.0,120.0,2014282,漫步鲜花（榴莲蛋糕）,0,3,0
1205,133,0,21289179,18.0,0.0,538747,小崔海鲜水产行,0,94,50
1206,52,0,65685667,50.0,0.0,864922,世纪华联超市（蓝堡店）,0,1070,48
1207,31,0,45329931,6.0,20.0,878443,华清3号楼超市,0,102,48
1208,50,0,51628524,28.0,58.0,518658,哈哈镜（安贞店）,0,671,48
1209,40,0,69896949,35.0,150.0,1658068,德国啤酒超市（莲怡园店）,0,5,0
1210,39,0,82249939,5.0,59.0,1631513,小狐鲜（北京店）,0,410,46
1211,67,0,48155405,19.0,128.0,622953,烧烤盛宴,1,622,48
1212,56,0,75014099,8.0,98.0,1818842,水果忍者,1,0,0
1213,56,0,70446815,7.0,78.0,429944,猫蒲夜宴（朝阳店）,1,0,0
1214,60,0,90522902,20.0,0.0,600729,友谊鲜花礼品店,1,73,50
1215,56,0,76757821,60.0,500.0,1899763,鲜果奇缘,1,0,0
1216,55,0,90383622,3.0,30.0,2266473,果中果水果切,0,4,0
1217,38,0,5540268,5.0,0.0,833855,老北京卤煮（中关村店）,0,523,45
1218,65,0,77487979,29.0,88.0,1990688,烧烤e族,0,234,45
1219,46,0,69088877,3.0,0.0,795020,水果切,0,1803,48
1220,56,0,65191758,19.9,100.0,1926782,路客饭店（小龙虾快餐盖饭）,0,2,0
1221,71,0,90505135,0.0,0.0,2309250,喜洋洋蛋糕（西翠路店）,0,40,45
1222,65,0,511142,35.0,0.0,441825,香口鱼总店(小龙虾大闸蟹),0,38,37
1223,60,0,18148322,0.0,88.0,942352,情香缘鲜花礼品北苑店,0,1,0
1224,38,0,66286616,3.0,0.0,2335801,小九妈妈菜,0,504,48
1225,30,0,3699124,5.0,20.0,367043,奕品风尚干锅辣鸭头（768店）,0,123,49
1226,36,0,47292664,4.0,20.0,1303523,蜀乡鱼府麻辣香锅,0,30,0
1227,60,0,67080988,0.0,0.0,1080580,芙洛拉鲜花绿植,0,55,50
1228,64,0,2445046,35.0,0.0,441844,老北京涮肉(老灶火锅),0,33,39
1229,49,0,32324803,5.0,0.0,165500,焦耳川式快餐（六道口店）,0,1755,45
1230,55,0,2379367,6.0,30.0,1210642,巴黎贝甜（五道口店）,0,0,0
1231,60,0,79291619,0.0,0.0,2010423,花韵（玫瑰鲜花店）,0,0,0
1232,59,0,4076134,7.0,0.0,224027,麻辣村.麻辣香锅烤鱼,0,1864,47
1233,68,0,79281471,65.0,20.0,2006625,花果山精品水果,0,82,50
1234,66,0,90470105,20.0,80.0,2297770,品客千层蛋糕坊,0,162,45
1235,60,0,23205396,0.0,0.0,1865018,美洋洋鲜花店,0,8,0
1236,56,0,90972650,20.0,100.0,2403023,嗨！麻小,0,53,49
1237,44,0,57477733,5.0,20.0,1023293,Thank u mom五道口店,1,193,45
1238,40,0,76658380,6.0,80.0,1882136,洋品惠进口食品折扣店,1,0,0
1239,55,0,65766182,3.0,30.0,2240506,车学长遇见铁板鸡（五道口店）,1,0,0
1240,56,0,90972650,20.0,100.0,2403023,嗨！麻小,0,53,49
1241,75,0,22969286,0.0,100.0,2221278,站点比萨(五道口购物中心餐厅) ,0,150,50
1242,96,0,69211377,10.0,59.0,1501535,米粒甜品（榴莲主题）,0,155,47
1243,51,0,79277937,0.0,0.0,2006606,乐优美蛋糕,0,124,50
1244,30,0,74590317,7.0,20.0,1801093,金百万美食MALL（北大直隶会馆店）,0,2887,46
1245,55,0,22406053,5.0,20.0,1012304,小付咖啡,0,2,0
1246,30,0,19492573,5.0,20.0,748474,千度韩国料理,0,69,48
1247,50,0,90005945,35.0,88.0,2190677,百花亭参鸡汤,0,98,50
1248,56,0,69845020,0.0,0.0,1662363,七月麦谷（旗舰店）,0,39,46
1249,70,0,20852950,0.0,80.0,250367,香遇糕手,0,98,49
1250,39,0,90415562,3.0,0.0,2277388,ACME BURGER极致汉堡,0,166,47
1251,81,0,21580014,7.0,220.0,85460,麒麟居私房烤鸭,0,65,46
1252,91,0,81001254,35.0,200.0,1979721,河风精致寿司（大兴店）,0,345,49
1253,60,0,66459960,0.0,0.0,969304,花卉大厅,0,144,49
1254,30,0,19221001,3.0,15.0,418106,杨国福麻辣烫（矿大北门）,0,482,45
1255,56,0,70801403,30.0,108.0,1701519,营养鲜果庄园(交道口店),0,13,0
1256,31,0,27152345,6.0,15.0,266968,美味锅贴,0,475,45
1257,51,0,4694318,7.0,20.0,97940,和合谷(海淀区中关村南路店),0,1099,48
1258,35,0,27137205,7.0,15.0,479307,嘉和一品粥（知春路二店）,0,3727,46
1259,56,0,19222777,9.0,0.0,37752,两口一串,1,478,47
1260,52,0,80616197,4.0,20.0,2099663,香川麻辣小厨,1,250,40
1261,33,0,40793245,3.0,20.0,1812254,名客佳大鸡排（王庄路店）,1,68,43
1262,48,0,59272432,3.0,26.0,1441502,盖饭王（宅急送）,1,592,44
1263,50,0,90423470,36.0,288.0,2281763,悠悠烧烤串爱虾,1,654,44
1264,35,0,27137205,7.0,15.0,479307,嘉和一品粥（知春路二店）,0,3727,46
1265,32,0,5436342,6.0,27.0,212495,鲜芋仙（五道口店）,0,1099,48
1266,63,0,65717403,0.0,0.0,869805,Aflower鲜花店,0,93,48
1267,77,0,68147168,15.0,40.0,1402445,果先生水果店,0,107,47
1268,30,0,76880439,7.0,15.0,1953070,茶太良品（中关村店）,0,48,47
1269,30,0,82881787,5.0,15.0,2129567,乐晨饼屋,0,31,0
1270,40,0,27340749,50.0,88.0,1428896,超市发（双井店）,0,22,0
1271,60,0,67192148,0.0,0.0,1111067,百惠鲜花(总店),0,13,0
1272,72,0,68164456,25.0,98.0,1398024,水果农场,0,209,46
1273,57,0,4503527,5.0,30.0,507719,蝴蝶兰西饼店,0,26,50
1274,34,0,21015130,3.0,15.0,548453,三顾堂（五道口店）,0,2558,45
1275,47,0,79259584,4.0,0.0,2025732,咱家炒菜盖饭,0,722,36
1276,37,0,68164162,4.0,0.0,1398031,沐菓MUCO（华清嘉园店）,0,671,48
1277,56,0,77260487,50.0,200.0,1956866,集渊居草原羊,0,5,0
1278,40,0,82881949,7.0,20.0,2129549,三嫂薄皮包子（中关村店）,0,116,45
1279,30,0,45304045,5.0,20.0,1082271,杨铭宇黄焖鸡米饭,0,198,48
1280,60,0,77467491,0.0,0.0,1983215,唯美鲜花坊,0,0,0
1281,33,0,90040318,3.0,15.0,2203853,大鱼小酸菜鱼（五道口店）,0,64,40
1282,38,0,11268300,4.0,30.0,2335963,展春园鲜果蔬便民服务,0,11,0
1283,56,0,68239876,0.0,0.0,1420142,欧克蛋糕,0,2,0
1284,91,0,58777530,10.0,200.0,544546,欣欣果园,0,146,38
1285,54,0,66737949,12.0,28.0,366910,快乐果匠苏州街店（原果鲜斋）,0,222,44
1286,60,0,32493844,0.0,0.0,846879,伊诺花房,0,118,48
1287,79,0,76843422,29.0,88.0,1909353,龙虾螃蟹店,0,93,44
1288,56,0,6027860,4.0,0.0,1777128,麦香屋面包房,1,4,0
1289,41,0,73503896,3.0,15.0,1761702,小鸡炖蘑菇,0,1208,43
1290,80,0,50615183,19.0,45.0,596200,喔喔火锅外送,0,311,45
1291,34,0,22899351,3.0,20.0,322703,道口香（驴肉火烧）,0,266,46
1292,53,0,22481733,3.0,20.0,552278,炒菜盖饭,0,3533,45
1293,60,0,71006808,0.0,0.0,1697774,花之恋鲜花（光明店）,0,0,0
1294,56,0,69284244,5.0,50.0,1521577,泰国榴莲蛋糕,0,8,0
1295,56,0,77009846,48.0,100.0,1948353,农夫果园,0,1,0
1296,60,0,69398943,0.0,0.0,1272454,鲜花婚庆,0,5,0
1297,40,0,68983084,0.0,0.0,1443529,久遇进口葡萄酒直营店,0,5,0
1298,41,0,80982120,3.0,30.0,2324619,居酒屋日本料理,0,50,37
1299,50,0,65662051,6.0,60.0,861005,阿田炒饭,0,1520,44
1300,50,0,23355879,30.0,200.0,258824,德克士雅酷店,0,652,46
1301,36,0,8819555,5.0,20.0,472732,汉堡王（五道口餐厅19195）,0,3802,48
1302,61,0,82683153,12.0,68.0,2120892,唐老鸭水果,0,90,47
1303,36,0,43561400,6.0,0.0,441652,小碗菜,0,1212,44
1304,40,0,67834727,10.0,78.0,1298552,名优特产,0,3,0
1305,39,0,15093873,3.0,20.0,418117,宇宙卷饼(宇宙卷饼（五道口店）),0,1513,47
1306,34,0,90562243,3.0,20.0,2335980,便当星球（营养餐五道口店）,0,213,48
1307,60,0,48307896,10.0,0.0,1371566,浪漫星空鲜花店（东大街店）,0,0,0
1308,38,0,66099155,4.0,20.0,1350206,海南鸡饭（鼎好店）,0,327,45
1309,55,0,90898881,5.0,15.0,2363538,小珠私厨,1,0,0
1310,56,0,26986424,0.0,0.0,1556013,阳澄湖大闸蟹（马家堡）,1,0,0
1311,56,0,90354237,25.0,210.0,2120881,望京小腰(面范儿),1,414,46
1312,30,0,14198821,9.0,20.0,1865113,燃面and抄手,1,11,0
1313,50,0,79456199,36.0,150.0,2317040,村上一屋日料寿司（尚都店）,0,79,47
1314,39,0,6099929,5.0,20.0,150514,港仔驿栈（五道口店）,0,755,48
1315,55,0,513133,4.0,0.0,2407645,湘南情（湘菜）,0,3,0
1316,56,0,32741353,0.0,0.0,488900,奶油小森（大钟寺店）,0,7,0
1317,70,0,68019282,15.0,0.0,1845225,蛙蛙叫干锅年代（五道口店）,0,186,47
1318,30,0,76901685,7.0,0.0,2000999,甜心兔子（中关村店）,0,16,49
1319,60,0,69778357,0.0,39.0,1626400,快乐果匠（五道口店）,0,247,46
1320,138,0,76878689,0.0,0.0,1917821,生日聚汇蛋糕,0,59,48
1321,42,0,83146281,4.0,0.0,2368613,徐记滑蛋饭,0,350,44
1322,113,0,68077235,48.0,0.0,1378102,幸福参鸡汤,0,79,48
1323,30,0,80623036,3.0,0.0,2170309,噪咖（学院路店）,0,37,47
1324,56,0,67841285,35.0,0.0,1300456,尚品果园（水果哈哈镜）,0,5,0
1325,37,0,69510868,3.0,0.0,1550509,贡茶（五道口店）,0,3607,46
1326,56,0,70505240,0.0,0.0,488926,奶油小森（亚运村店）,0,15,0
1327,56,0,5705313,0.0,20.0,605480,恩之方甜品店,0,10,0
1328,60,0,65637072,0.0,100.0,858026,金福花艺,0,0,0
1329,74,0,19801020,0.0,0.0,2372985,维思客蛋糕（六店）,0,68,49
1330,73,0,69094053,0.0,0.0,349166,花佳鲜花,0,243,45
1331,56,0,69455847,45.0,100.0,1554862,阳澄湖大闸蟹,0,4,0
1332,50,0,75130376,50.0,200.0,1835524,CHEERS瑞品齐饮进口葡萄酒,1,0,0
1333,56,0,76899338,20.0,100.0,1948385,食艺蛋糕烘焙坊,1,0,0
1334,79,0,32156405,8.0,88.0,555991,YoYo优优千层蛋糕（亚运村店）,1,91,49
1335,64,0,27508021,3.0,0.0,415154,食全久美,1,0,0
1336,34,0,69417276,5.0,20.0,2032630,付小姐在成都（六道口店）,1,63,50
1337,60,0,69421566,0.0,0.0,1547211,花枝舞鲜花,0,21,0
1338,32,0,90489467,3.0,20.0,2105299,鸡跑跑黄焖鸡&米饭,0,69,48
1339,94,0,32458959,20.0,0.0,515612,非常虾（小龙虾外卖）,0,1005,47
1340,60,0,69952286,35.0,0.0,1723846,蛙辣哇啦（总店）,0,104,40
1341,36,0,21142290,3.0,0.0,956527,清真来一碗牛肉面酷串吧,0,879,45
1342,56,0,90373006,30.0,100.0,2261885,大地愉悦海鲜,0,5,0
1343,70,0,66695764,0.0,20.0,1008691,清碧源水站（怡宝专卖店）,0,146,48
1344,50,0,50735616,15.0,79.0,542933,田归农快送水果（崇文门店）,0,1066,49
1345,131,0,20897833,50.0,100.0,1886350,大菜刀定制蛋糕（双桥店）,0,19,50
1346,42,0,23124435,5.0,20.0,1152787,两千斤重庆江湖菜,0,120,46
1347,56,0,48034245,30.0,50.0,582453,小恒水饺（国贸店）,0,0,0
1348,33,0,67174801,3.0,0.0,1102315,麻辣速递苕粉,0,1451,48
1349,56,0,18167908,0.0,0.0,1397383,麦香味西饼屋（大钟寺店）,0,7,0
1350,57,0,65714160,30.0,0.0,868916,哈哈镜（广外店）,0,687,48
1351,55,0,20766494,4.0,30.0,1762900,快乐购网络超市（水果切）,0,0,0
1352,50,0,74612643,4.0,0.0,1840360,饼大王正宗武汉热干面,0,147,41
1353,84,0,7315094,0.0,0.0,822619,艾迪米斯蛋糕,0,65,49
1354,60,0,11298045,0.0,0.0,2079061,马甸花卉,0,0,0
1355,56,0,91079992,6.0,30.0,2415149,家园炸串吧,0,0,0
1356,39,0,2404162,5.0,20.0,1276993,汉拿山（五道口店）,0,105,50
1357,117,0,16350795,0.0,0.0,802859,康得利蛋糕房,0,42,47
1358,40,0,66310620,8.0,38.0,943655,北京市马兴便民店,0,6,0
1359,56,0,17712680,40.0,0.0,2031563,老爸道秘制私房菜小龙虾外卖,1,69,48
1360,75,0,66985174,2.0,68.0,1060863,口口香疯狂炸鸡,1,187,46
1361,60,0,69910942,0.0,0.0,1807320,维纳斯鲜花（北京通州店）,0,1,0
1362,31,0,23365283,3.0,20.0,387452,虾吃虾涮（圣熙8号店）,0,53,44
1363,35,0,66274137,5.0,20.0,943652,pizza里,0,593,48
1364,37,0,67103817,5.0,15.0,2209362,小七家饺子,0,263,46
1365,56,0,69951580,15.0,40.0,1669278,果鲜儿(德内店),0,23,43
1366,39,0,67758103,4.0,0.0,1789861,大东北烤肉拌饭（中关村店）,0,3236,47
1367,35,0,67698114,3.0,0.0,1327547,京嘴儿（五道口店）,0,310,49
1368,61,0,72449286,0.0,0.0,1723790,心花阁鲜花坊（北京总部店）,0,85,50
1369,33,0,59004210,6.0,20.0,1672854,九本居酒屋（学院路店）,0,76,49
1370,82,0,23423169,20.0,68.0,159385,福源百汇水果店,0,584,48
1371,30,0,58909355,5.0,20.0,1125632,木桶饭 水煮,0,4,0
1372,56,0,69286988,35.0,0.0,1802770,水果烟酒超市,0,58,44
1373,31,0,72981128,5.0,20.0,2009757,诚一拉面（圣熙八号店）,0,74,48
1374,60,0,24757920,100.0,58.0,2009747,百合花苑（百子湾店）,0,3,0
1375,60,0,69917888,0.0,0.0,1807145,维纳斯鲜花（北京朝阳5店）,0,3,0
1376,38,0,19224985,4.0,15.0,2053772,麻辣香锅,0,2441,46
1377,56,0,79420393,49.0,0.0,2018500,老北京烧烤（北太平庄）,1,1,0
1378,49,0,66300424,0.0,0.0,943813,怡宝专卖店水站,1,63,50
1379,56,0,3042004,45.0,0.0,1118076,独一味万州烤鱼,1,0,0
1380,56,0,73502207,5.0,0.0,1619735,炒炒先生∙现炒快餐（中关村店）,1,0,0
1381,56,0,11566208,0.0,0.0,1160602,Viviancake（薇薇安蛋糕）,1,0,0
1382,55,0,90400036,5.0,0.0,2356791,一口川面（知春路店）,1,0,0
1383,74,0,68949069,9.0,0.0,1432545,榴莲千层盒子,0,1179,49
1384,38,0,67328901,5.0,20.0,1153011,THE SAUCE（T8餐厅）,0,622,47
1385,58,0,13928646,19.0,58.0,800639,大喜龙虾（彰化路店）,0,274,45
1386,60,0,27350042,0.0,0.0,1110880,繁花小筑•高端花店,0,61,50
1387,99,0,69725875,35.0,100.0,1626498,有虾有蟹,0,162,46
1388,113,0,76949384,0.0,0.0,1937053,甜蜜屋蛋糕坊,0,60,41
1389,50,0,66346409,10.0,100.0,995644,公主参鸡汤,0,292,48
1390,45,0,90043774,3.0,0.0,2205624,拌饭王国（五道口店）,0,331,44
1391,31,0,2273797,5.0,20.0,1736711,永和大王（成府路店BJ021）,0,2053,47
1392,37,0,3108361,3.0,15.0,540599,龙香记桂林米粉,0,144,49
1393,36,0,17233383,3.0,25.0,758285,川友园麻辣香锅,0,257,46
1394,34,0,23162061,5.0,15.0,2335711,爱的味道蛋糕西饼屋（西苑店）,0,10,0
1395,49,0,56833601,25.0,268.0,701021,唯聚一家便利店,0,128,46
1396,67,0,80534258,8.0,0.0,943862,老婆很芒,0,5394,48
1397,30,0,20733873,7.0,15.0,1987805,鲜果时间（新中关购物中心店）,0,148,49
1398,163,0,20634514,0.0,30.0,670628,缘心蛋糕坊,0,134,49
1399,58,0,67948031,25.0,0.0,1339989,哈哈镜（同城配送）,0,129,48
1400,92,0,75653056,38.0,100.0,1864411,银鑫海鲜（生鲜）,0,504,47
1401,63,0,90398559,42.0,0.0,2269599,英伦时光炸鸡,0,771,47
1402,43,0,67994825,4.0,20.0,1350938,煲仔皖快餐,1,1458,48
1403,56,0,90322398,6.0,15.0,2248390,一家人麻辣拌,1,42,43
1404,56,0,90507609,40.0,80.0,2317768,生鲜果蔬超市（新发地店）,1,0,0
1405,56,0,69864974,12.0,158.0,1606674,爱社团海鲜火锅烤肉,1,0,0
1406,55,0,73536264,3.0,0.0,1763014,京味小站,1,0,0
1407,56,0,79434512,0.0,0.0,1547068,久遇进口葡萄酒直营店,0,2,0
1408,43,0,23115510,4.0,0.0,1832393,状元过桥米线,0,2499,44
1409,99,0,69228863,35.0,38.0,1516001,菜多多,0,95,50
1410,37,0,2660929,9.0,0.0,555819,北京麦当劳华清餐厅,0,1635,47
1411,54,0,69727589,7.0,20.0,2128298,南京卫岗龙宫,0,10,0
1412,60,0,90398645,0.0,0.0,1212099,花鼠鲜花(北京),0,119,47
1413,38,0,2339536,3.0,0.0,802986,麻辣香锅,0,1367,42
1414,54,0,69775257,3.0,0.0,1485412,农村果园水果切（中关村店）,0,254,48
1415,30,0,76688066,5.0,20.0,2304526,九道茶餐厅（六道口店）,0,24,0
1416,103,0,14199250,0.0,0.0,481095,优优尚品裸蛋糕,0,105,48
1417,30,0,69269701,6.0,30.0,1515976,众惠利达超市,0,28,50
1418,75,0,90562264,16.0,180.0,2335637,山东人海鲜,0,14,44
1419,43,0,58611824,5.0,0.0,2273425,悦宴酒楼,0,120,47
1420,40,0,80527917,0.0,0.0,2074829,天天水业,0,11,0
1421,56,0,58454864,0.0,188.0,779733,每实蛋糕（北京店）,0,2,0
1422,53,0,39928597,5.0,59.0,481118,比萨家族（天通苑店）,0,879,47
1423,79,0,59729580,36.0,159.0,137597,哈哈镜（双井店）,0,363,48
1424,31,0,3315835,3.0,25.0,372010,老西安小馆,0,27,50
1425,82,0,67243637,20.0,0.0,1160640,海云祥海鲜水产行,0,187,47
1426,75,0,15112192,30.0,120.0,150883,食尚比萨,0,468,47
1427,30,0,90043799,3.0,15.0,2205684,好记腊汁肉夹馍,1,53,44
1428,55,0,76939982,7.0,0.0,2001041,Hi味花甲（中关村店）,1,0,0
1429,57,0,8946485,5.0,20.0,1966322,美时中式面馆,1,0,0
1430,40,0,23626342,0.0,59.0,888356,靖天酒城,0,2,0
1431,56,0,73408087,30.0,100.0,1749736,嗨到爽麻辣私房,0,27,50
1432,60,0,52622967,0.0,0.0,783643,妮依然品牌鲜花店(北京),0,7,0
1433,57,0,67425592,8.0,300.0,661517,榴芒来啦千层蛋糕,0,1828,46
1434,55,0,18230232,3.0,19.0,1537484,哈里老伯伯现烘蛋糕店（圣熙8号店）,0,16,0
1435,30,0,5597966,7.0,15.0,341095,驴肉火烧刀削面馆,0,158,48
1436,50,0,18105494,30.0,300.0,146136,德克士（回龙观店）,0,1221,46
1437,56,0,69641998,10.0,0.0,1890508,燕澜坞 • 鲜炖燕窝,0,13,0
1438,89,0,76269627,50.0,88.0,1874955,美鲜花蛤,0,173,49
1439,114,0,48011722,13.0,0.0,697071,曹记海鲜水产行,0,131,49
1440,57,0,90417504,45.0,0.0,2279107,非尝不可（小龙虾海鲜）,0,268,47
1441,67,0,69694708,16.0,78.0,1604607,欣丹鲜果,0,668,49
1442,183,0,27034714,41.0,0.0,1576047,Miss Mousse精选法式甜品（三里屯SOHO店）,0,428,48
1443,50,0,76084132,40.0,50.0,1937157,壹手盐帮（家常菜·冒菜）,0,434,44
1444,56,0,59291362,0.0,0.0,1168045,纽罗宾（北七家店）,0,49,50
1445,70,0,23988564,20.0,0.0,251870,AJ麻辣海鲜订制,0,198,48
1446,53,0,23201528,20.0,0.0,194440,辣溢有道,0,858,45
1447,57,0,76827153,7.0,15.0,1952733,稻香村（苏州街超市发店）,0,77,49
1448,56,0,50516983,7.0,120.0,571297,嘎嘎辣鸭脖,0,10,0
1449,91,0,23864757,26.0,0.0,345057,果實,1,283,48
1450,58,0,74493809,20.0,0.0,1793994,韩国炸鸡,1,143,50
1451,56,0,69261275,19.0,120.0,647286,壹心壹烘焙,1,0,0
1452,50,0,58039237,19.0,100.0,771690,非抠不可,1,191,46
1453,60,0,77342790,0.0,0.0,1970683,悠然花道,0,0,0
1454,62,0,21039073,0.0,0.0,511550,花千束品牌鲜花馆（北京）,0,697,49
1455,88,0,80536033,8.0,50.0,2078762,遇见榴莲千层蛋糕专门店（中关村店）,0,148,49
1456,68,0,76745191,20.0,86.0,1899210,禾重寿司,0,196,46
1457,55,0,32705389,7.0,20.0,2212086,Melt in意大利手工冰淇淋店（北京华联农大南路店）,0,2,0
1458,60,0,69315912,0.0,0.0,1533090,花鼠鲜花（凯旋大街）,0,20,49
1459,65,0,71003447,0.0,0.0,1696019,生日聚汇蛋糕坊,0,48,44
1460,34,0,20707107,5.0,20.0,1152533,十七城重庆小面,0,85,49
1461,39,0,75110565,4.0,15.0,1849245,扶栏迷粉（宇宙中心店）,0,252,46
1462,42,0,66815645,5.0,20.0,1043642,椒鸣椒麻小馆,0,1067,48
1463,56,0,72356210,20.0,138.0,1719075,新开蔬菜果园,0,4,0
1464,60,0,79621537,0.0,0.0,2053968,花落谁家（丰台店）,0,0,0
1465,56,0,72448722,0.0,0.0,1723534,好朋友蛋糕店,0,39,47
1466,30,0,516103,5.0,20.0,771644,多乐之日(五道口店),0,472,49
1467,30,0,2518099,5.0,40.0,1416955,鑫鑫胖胖烧烤店（韩式料理）,0,22,43
1468,78,0,8968261,15.0,48.0,428176,老李馕坑烤羊排(沙子口店),0,167,46
1469,44,0,73600363,3.0,0.0,1779741,元气健身餐,0,872,47
1470,78,0,90322704,35.0,0.0,2248454,优果定制（鲜果切）,0,376,47
1471,62,0,90972062,26.0,0.0,2116458,狂热龙虾节,0,52,49
1472,45,0,83525468,4.0,0.0,2170111,大饼小炒炖,1,134,49
1473,71,0,66881265,40.0,168.0,1040267,辣欢天麻辣香锅,1,250,47
1474,56,0,79269316,3.0,0.0,1649750,炒炒先生∙现炒快餐（密云店）,1,0,0
1475,56,0,75656638,5.0,58.0,1864517,牧羊人烧烤,1,2,0
1476,80,0,42174912,0.0,0.0,961094,千百味快餐,1,0,0
1477,60,0,66617669,0.0,0.0,995530,勿忘我鲜花（一间花房）,1,0,0
1478,56,0,13892022,15.0,150.0,613099,起司家甜品芝士蛋糕全城配送店,0,53,50
1479,56,0,57698567,35.0,0.0,2352854,汪星客萌犬主题餐吧,0,4,0
1480,65,0,17713532,20.0,500.0,247464,兄弟龙虾（管庄店）,0,255,43
1481,35,0,67500676,3.0,0.0,1203501,七盒饭（财智店）,0,3913,47
1482,58,0,67186433,16.0,0.0,1110692,CFB啤酒炸鸡（新街口店）,0,931,45
1483,31,0,2253070,5.0,20.0,1710437,千鹤居酒屋（五道口店）,0,58,47
1484,60,0,69315904,0.0,0.0,1533086,花鼠鲜花（南十里居店）,0,5,0
1485,60,0,69315804,0.0,0.0,1533038,花鼠鲜花（亚运村店）,0,5,0
1486,60,0,56799796,0.0,0.0,861506,花之恋鲜花店,0,10,0
1487,60,0,69315824,0.0,0.0,1533039,花鼠鲜花（东坝店）,0,1,0
1488,60,0,79464674,30.0,0.0,2032206,金丝语•花之苑,0,0,0
1489,45,0,59034391,0.0,25.0,779442,韩国炸鸡店（Call Dak）,0,400,48
1490,130,0,4196999,0.0,0.0,217053,维尔纳斯意大利手工艺蛋糕,0,959,48
1491,56,0,59215914,0.0,0.0,2211888,蝶恋坊蛋糕,0,22,0
1492,85,0,21675442,15.0,99.0,368411,味道大吉·火锅外卖,0,187,48
1493,64,0,50311406,5.0,0.0,311118,杨铭宇黄焖鸡米饭（北一街店）,0,120,39
1494,106,0,513712,25.0,0.0,628550,独门冲烤鱼烤串,0,83,45
1495,41,0,76923779,7.0,0.0,2304888,万合升,0,67,41
1496,56,0,90783662,70.0,20.0,2057468,鲜果奇缘批发配送中心,0,17,41
1497,30,0,23751920,5.0,25.0,1030540,渝新味,0,20,0
1498,56,0,69958081,2.0,20.0,1673115,食新食益-米饭套餐,1,0,0
1499,60,0,66617724,0.0,0.0,995554,勿忘我鲜花（恒泽花店）,1,0,0
1500,30,0,69737395,5.0,20.0,1886639,7分甜,1,38,50
1501,66,0,13885239,0.0,0.0,1043578,爱尚花艺,0,175,49
1502,40,0,58383889,6.0,0.0,735443,清泰华水业,0,40,42
1503,30,0,77012000,3.0,20.0,1948907,有味来小面（中式快餐）,0,35,44
1504,40,0,3339472,5.0,20.0,861539,木桶三国（中关村店）,0,160,42
1505,96,0,64401678,0.0,0.0,1175631,凯瑞思蛋糕·鲜花,0,84,49
1506,44,0,90398329,7.0,0.0,2269417,小煮夫鸭血粉丝汤（凉皮）,0,1655,45
1507,112,0,75122341,10.0,80.0,1832108,橙姑娘榴莲千层蛋糕,0,62,42
1508,34,0,65792270,3.0,25.0,880771,爱吾快餐,0,1101,47
1509,39,0,63187274,4.0,20.0,826772,本色生活健康餐,0,890,47
1510,32,0,512827,5.0,20.0,2032250,江南赋·醉爱杭州菜馆,0,23,0
1511,77,0,66795781,12.0,99.0,1026201,百果园水果超市（金源店）,0,129,47
1512,39,0,74574776,7.0,0.0,2304832,鲍师傅糕点,0,232,47
1513,35,0,82682304,3.0,15.0,2120322,杜氏麻辣烫,0,395,47
1514,56,0,16105051,32.0,0.0,2169972,百果园水果超市（鲜切）,0,48,46
1515,56,0,90923627,45.0,0.0,2365152,蛙辣哇啦川湘菜（苹果园店）,0,31,0
1516,72,0,90258224,50.0,199.0,2139371,珍品汇海鲜（京深海鲜旗舰店）,0,155,49
1517,56,0,68057653,0.0,0.0,1371125,阳澄湖大闸蟹专卖,0,0,0
1518,84,0,67264847,0.0,50.0,1145259,乐味乐道千层蛋糕,0,48,44
1519,30,0,8944428,5.0,20.0,344885,食立方（圣熙店）,0,9,0
1520,30,0,56867494,6.0,20.0,631880,coco都可（五道口地铁店）,0,192,47
1521,56,0,67802027,3.0,35.0,1106779,通鸡令-pizza（五道口店）,1,0,0
1522,56,0,68063227,0.0,0.0,1382356,峨眉山月腊肉炒饭,1,0,0
1523,40,0,21594029,30.0,500.0,2317499,堡酒珍葡萄酒（荟聚购物中心西红门店）,0,1,0
1524,70,0,77015134,5.0,20.0,1960283,羊小鲜儿（石景山店）,0,32,47
1525,56,0,90975956,22.0,68.0,2388065,爱米屋三文鱼日料,0,5,0
1526,44,0,90293429,5.0,0.0,2238754,老东北营养美食（中关村店）,0,807,43
1527,56,0,69739358,35.0,0.0,1672987,阳澄湖大闸蟹,0,10,0
1528,51,0,66104309,0.0,0.0,917780,爱尚炸鸡店,0,734,46
1529,30,0,24654040,5.0,30.0,841992,山西刀削面（精美盖饭）,0,150,45
1530,34,0,69998612,4.0,0.0,1672978,慕食（五道口店）,0,636,48
1531,56,0,2077405,0.0,0.0,2013889,甜风集烘焙生活馆,0,23,48
1532,31,0,4504628,5.0,20.0,471272,张师傅参鸡汤（五道口店）,0,134,49
1533,31,0,27000006,5.0,20.0,259442,微咖啡（We Coffee）,0,17,0
1534,44,0,67340702,6.0,20.0,1400944,西贝莜面村（北京五道口店）,0,1383,48
1535,55,0,82015127,7.0,30.0,2291020,兴旺开心超市,0,8,0
1536,56,0,66945012,20.0,50.0,1051699,果运来水果（新街口店）,0,3,0
1537,54,0,76271140,5.0,59.0,145931,比萨家族（回龙观店）,0,252,47
1538,56,0,79421516,10.0,100.0,2018959,橙姑娘榴莲千层蛋糕,0,16,0
1539,50,0,18216362,58.0,68.0,900675,世纪华联超市（豆瓣胡同店）,0,885,50
1540,43,0,57297262,3.0,20.0,670382,香送La Chanson（五道口站）,1,79,49
1541,40,0,74841341,7.0,75.0,2395771,凯达便民店,1,5,50
1542,40,0,74630099,6.0,50.0,1819756,水月观干果水果有机杂粮超市,1,3,0
1543,43,0,67266202,3.0,0.0,2131322,不二螺精品螺蛳粉,1,0,0
1544,52,0,48007869,6.0,20.0,543423,尚仔便当（五道口店）,1,0,0
1545,65,0,83431503,18.0,50.0,2159343,蓟门5号烧烤,1,122,46
1546,60,0,22110790,0.0,0.0,2032098,苗陆鲜花店（骑河楼店）,0,1,0
1547,34,0,65712689,3.0,0.0,868430,第一佳大鸡排（五道口店）,0,3834,48
1548,60,0,66878423,0.0,0.0,1039509,优美鲜花,0,4,0
1549,56,0,90524751,0.0,0.0,2325805,冰之优作法式雪域慕斯蛋糕店,0,10,50
1550,33,0,68135411,3.0,15.0,1442652,鲜粮卷饼王（五道口店）,0,357,48
1551,30,0,65695233,7.0,20.0,866263,满座儿(大屯路店),0,1615,47
1552,34,0,74594740,7.0,20.0,1802416,Oumuni韩式炸鸡（中关村店）,0,53,44
1553,118,0,69095525,10.0,88.0,846231,鲜之每日（金源店）,0,44,48
1554,37,0,17737795,7.0,15.0,97143,彩虹寿司（知春路店）,0,1077,46
1555,55,0,90453375,5.0,0.0,2291374,养香堂熟食&烤脑花（知春路店）,0,4,0
1556,60,0,32485387,0.0,0.0,502706,花渡鲜花,0,6,0
1557,56,0,21314662,29.0,180.0,489415,BONCAKE（北京店）,0,9,0
1558,50,0,74594840,30.0,78.0,1802381,e果e家广安门店,0,47,47
1559,40,0,83511215,3.0,15.0,2166498,凉皮先生（五道口地铁店）,0,1127,47
1560,56,0,24649498,4.0,25.0,255904,重庆霸王麻辣香锅,0,1968,45
1561,56,0,19002931,0.0,0.0,842482,菲尔蒂蛋糕生活艺术馆,0,0,0
1562,31,0,58023181,4.0,15.0,722950,优粮生活(五道口店),0,1356,47
1563,86,0,67824433,19.0,150.0,1295578,榴芒先生,0,288,47
1564,56,0,59027745,19.0,168.0,1117683,千层蛋糕,0,76,37
1565,56,0,19602736,10.0,170.0,211905,Dr.Cake烘焙坊,0,10,0
1566,89,0,71003844,0.0,0.0,1696350,生日聚汇蛋糕坊,0,83,50
1567,88,0,67511896,30.0,300.0,1190339,海魔王龙虾（日坛店）,0,80,47
1568,64,0,90488296,13.0,0.0,367806,疯狂烤翅,1,100,45
1569,56,0,66435049,25.0,100.0,964617,千福麻辣小龙虾烧烤,1,1,0
1570,71,0,16970509,0.0,80.0,138216,乌巢比萨主义主题餐厅（五道口店）,0,302,49
1571,75,0,75142440,0.0,0.0,2234859,鲜棠cake蛋糕,0,241,49
1572,60,0,21794136,8.0,0.0,1000569,欣欣花艺,0,0,0
1573,58,0,58310156,38.0,100.0,803361,炸鸡啤酒,0,573,49
1574,40,0,19138100,0.0,100.0,286913,好想你枣专卖店,0,3,0
1575,56,0,83619777,40.0,0.0,2186109,扬恩辣事（A慕涵）,0,3,0
1576,56,0,67620262,8.0,65.0,1238262,爱果者品质鲜果,0,8,0
1577,38,0,69618604,7.0,0.0,2282632,江小鱼儿酸菜鱼,0,883,46
1578,30,0,50487119,5.0,15.0,367817,初生记黄焖鸡米饭,0,262,41
1579,60,0,67523497,0.0,0.0,1211501,美丽契约鲜花（天怡鲜花分店）,0,0,0
1580,91,0,69157354,0.0,0.0,866211,颐佳榴莲千层蛋糕,0,685,49
1581,62,0,68993398,0.0,0.0,1446428,花田小匠鲜花,0,262,49
1582,56,0,75164820,0.0,0.0,1848467,晨菲蛋糕,0,19,0
1583,56,0,67978958,0.0,88.0,1405668,快买酒,0,0,0
1584,56,0,38084577,0.0,0.0,489365,奶油小森（苏州街店）,0,39,50
1585,67,0,45469047,5.0,35.0,344233,西门烤翅（西苑店）,0,196,45
1586,56,0,73602555,30.0,0.0,1780537,甜味生活甜品店,0,5,0
1587,56,0,76926102,45.0,200.0,1929843,活鱼（石榴园店）,0,7,0
1588,35,0,65874827,4.0,15.0,891986,山西人家刀削面,0,16,0
1589,81,0,17965554,4.0,20.0,1706854,沙县小吃（展春园店）,0,23,0
1590,70,0,90420981,12.0,30.0,1044358,井号夜宵（海淀店）,1,53,48
1591,56,0,83619698,15.0,80.0,2186093,老张●回头烧烤,1,78,0
1592,55,0,26969121,3.0,0.0,450139,果香缘水果蔬菜店,1,0,0
1593,50,0,62956107,9.0,45.0,1886816,蜜果の蜜制鲜饮,0,339,48
1594,40,0,6850984,8.0,0.0,2296352,烟酒超市,0,12,0
1595,31,0,79464159,5.0,20.0,2031999,bzo!（中关村店）,0,26,50
1596,56,0,75093262,0.0,0.0,1672261,小狐鲜（果切&生鲜 员工福利店）,0,24,0
1597,84,0,71004204,0.0,0.0,1696511,生日聚汇蛋糕坊,0,134,46
1598,84,0,36914726,30.0,0.0,401599,圣焰麻辣小龙虾,0,241,43
1599,30,0,67790988,3.0,15.0,1304086,春亮麻辣烫,0,2093,46
1600,67,0,77275843,0.0,0.0,489343,奶油小森（公主坟店）,0,48,0
1601,56,0,77012744,0.0,0.0,1949662,缘心蛋糕坊（五彩城店）,0,11,0
1602,40,0,22446893,10.0,200.0,922471,鸿福茶业,0,0,0
1603,37,0,23632610,4.0,0.0,229821,无名缘米粉（保福寺桥店）,0,820,46
1604,64,0,24006427,10.0,0.0,229264,麻辣村香锅•烤鱼,0,424,48
1605,56,0,80538751,18.0,66.0,2079629,东北大姐海鲜,0,0,0
1606,41,0,90024214,3.0,15.0,2197483,鲜粮卷饼王（中关村店）,0,365,49
1607,60,0,69078491,8.0,88.0,1463831,浪漫鲜花店,0,0,0
1608,60,0,90052140,0.0,0.0,2208949,幸福e站鲜花坊,0,40,49
1609,166,0,59090960,0.0,0.0,784026,艾咖啡蛋糕,0,197,50
1610,50,0,80878322,15.0,68.0,2092649,江同学烤蹄（中关村店）,0,160,47
1611,46,0,74612418,4.0,0.0,1852369,乾源鸭血粉丝汤·手拍粉,0,199,43
1612,57,0,69040142,18.0,65.0,2388743,面团（BHG百货阜成门店）,0,28,49
1613,60,0,69908882,0.0,0.0,1806629,维纳斯鲜花（北京海淀1店）,0,4,0
1614,49,0,90907531,7.0,0.0,2399270,35秒烤肉拌饭（知春路店）,0,5,0
1615,55,0,69848389,6.0,20.0,1645818,学YUAN366餐厅,1,0,0
1616,55,0,6797909,5.0,20.0,1811050,饭点儿1烤场,1,42,50
1617,60,0,23108422,0.0,0.0,229784,粉红玫瑰鲜花店,0,64,50
1618,38,0,69027105,5.0,10.0,1454247,品椒嗨辣（北京店）,0,490,47
1619,50,0,90528026,30.0,98.0,2327449,台湾风味张记鸭脖,0,29,49
1620,30,0,14727694,7.0,20.0,1075613,西部马华牛肉面（学院路餐厅）,0,976,47
1621,82,0,50665199,0.0,0.0,502620,鼎卉鲜花(总部店）,0,353,46
1622,30,0,23885653,5.0,20.0,1735753,咖啡陪你（林大店）,0,5,0
1623,72,0,69489061,45.0,0.0,1064034,阳澄湖大闸蟹（清蒸店）,0,50,33
1624,84,0,78977169,39.0,88.0,1992101,鳗鱼范儿MYFan,0,78,47
1625,50,0,67646321,30.0,50.0,1247605,超市发（万柳店）,0,268,48
1626,35,0,43557291,6.0,20.0,608347,香肠公主（中关村店）,0,1350,47
1627,67,0,76089267,20.0,0.0,19177,麻辣诱惑·麻辣小龙虾·麻小外卖,0,4551,47
1628,65,0,76308586,0.0,0.0,1875916,艳果鲜花店,0,184,49
1629,30,0,72450386,5.0,20.0,1724168,舌头小厨（六道口店）,0,233,46
1630,56,0,90490712,0.0,0.0,2308397,吉百式蛋糕坊,0,7,0
1631,60,0,79255923,0.0,0.0,2070949,花好约缘鲜花店,0,9,0
1632,60,0,90062687,6.0,150.0,2212704,京典尚东花艺工作室,0,0,0
1633,50,0,9952551,25.0,75.0,115046,四兴甜品,0,191,47
1634,71,0,4117988,5.0,26.0,868496,江依林烤串吧（五道口店）,1,1254,47
1635,44,0,13923757,0.0,0.0,2399315,花园美食城,1,27,50
1636,45,0,79431310,3.0,0.0,2023287,就是肉多,1,0,0
1637,61,0,66419374,50.0,238.0,960969,海鲜烧烤,1,718,44
1638,105,0,69341460,0.0,0.0,1225138,遇见千层蛋糕专门店,0,92,50
1639,60,0,78976753,0.0,0.0,1992091,aflower朝阳北路店,0,33,50
1640,56,0,19614645,0.0,0.0,2344722,吉祥如意蛋糕店,0,10,0
1641,35,0,82678905,7.0,20.0,2208995,水果先生（融科资讯大厦店）,0,155,50
1642,38,0,83060482,3.0,0.0,2131335,川味居(原重庆美食),0,190,43
1643,40,0,26945650,15.0,200.0,566629,富乐顿酒庄一酒到家,0,0,0
1644,79,0,77295984,10.0,80.0,2088307,冯层层古早味千层蛋糕,0,134,49
1645,35,0,69815615,5.0,20.0,1766908,故香思潮汕砂锅粥（清华店）,0,688,47
1646,50,0,58677804,20.0,30.0,11651,洋洋生活超市（知春路店）,0,160,46
1647,31,0,58531773,6.0,20.0,368058,吉吉熊比萨(五道口店),0,156,48
1648,144,0,38205908,10.0,80.0,608656,橙姑娘榴莲千层蛋糕,0,347,47
1649,172,0,38320931,0.0,0.0,605710,48时cake千层,0,60,50
1650,56,0,77289591,0.0,0.0,1964688,亲758烘焙艺术工坊,0,8,0
1651,36,0,21302891,5.0,40.0,1194447,阿咪啄啄,0,7,0
1652,39,0,83473328,3.0,0.0,2150788,华莱士,0,1738,45
1653,50,0,80900396,20.0,150.0,2093015,内蒙碳烤风干牛肉干,0,54,50
1654,44,0,83525974,7.0,30.0,2170617,江同学烤蹄(五道口店),0,197,49
1655,31,0,21769530,3.0,0.0,838373,乙味屋（林大店）,0,23,43
1656,60,0,90042046,0.0,0.0,2204694,槿漫花卉,0,26,50
1657,49,0,79232715,0.0,20.0,1996128,11CAKE,0,97,50
1658,55,0,77272732,6.0,20.0,1960522,全时汇超市,1,0,0
1659,56,0,69322404,35.0,128.0,1538016,北京果酷有约水果超市（丰台店）,1,85,45
1660,58,0,9013727,13.0,40.0,632469,东北老家烧烤,1,383,47
1661,68,0,90310815,31.0,68.0,2243315,日韩料理寿司,0,106,43
1662,37,0,58275431,3.0,20.0,834887,王婆大虾（圣熙八号店）,0,77,50
1663,52,0,90063338,5.0,4.0,1887179,熊小姐酸辣粉（粉＊面）,0,1528,46
1664,30,0,83522105,5.0,15.0,2170579,黄焖鸡米饭（畅春园）,0,91,47
1665,37,0,8078860,3.0,20.0,1802627,老北京冰糖葫芦,0,71,49
1666,56,0,20953653,10.0,99.0,1676507,蛋糕博士烘焙公馆（莲花桥店）,0,19,0
1667,34,0,67616965,5.0,20.0,1442409,阿福冰室（五道口店）,0,401,49
1668,117,0,5586117,0.0,300.0,1156873,Secrets From Africa,0,32,48
1669,39,0,79416367,4.0,15.0,2023137,食力派简餐(黄焖鸡米饭&盖饭王),0,1240,45
1670,50,0,80619907,5.0,30.0,2096823,叶小叶（商务茶）,0,4,0
1671,149,0,57447829,0.0,0.0,581635,SaintTreasureLe蛋糕,0,599,49
1672,64,0,90329836,31.0,98.0,2243230,挪威三文鱼专卖,0,173,50
1673,31,0,3464671,5.0,15.0,2384841,老杨家炉包,0,102,47
1674,35,0,67460383,5.0,20.0,1844357,韩时烤肉(五道口店),0,605,47
1675,89,0,66388888,19.0,188.0,982425,EYE TOUCH甜品店,0,153,46
1676,56,0,32738585,0.0,0.0,489132,奶油小森（知春路店）,0,13,0
1677,60,0,67934489,0.0,0.0,1511731,爱花苑鲜花速递,0,5,0
1678,56,0,82684949,20.0,0.0,2239363,麻辣诱惑·小龙虾外送（上地店）,0,26,47
1679,75,0,90294805,20.0,0.0,2239362,麻辣诱惑·小龙虾外送（清华店店）,0,125,46
1680,56,0,90482779,13.0,0.0,2304481,海鲜惠（大闸蟹）,1,5,0
1681,55,0,79706888,3.0,20.0,2066727,田野小碗菜,1,0,0
1682,55,0,45344515,5.0,38.0,1696572,饭点儿3烤场,1,244,47
1683,55,0,43882490,6.0,20.0,2261074,程果园超市,1,0,0
1684,51,0,90420062,12.9,0.0,2282918,小张烧烤店,1,130,47
1685,84,0,2758504,35.0,0.0,1366568,簋街麻小.龙虾外卖,1,155,44
1686,63,0,90371547,0.0,0.0,2261095,鲜花婚庆,0,10,50
1687,56,0,18555716,0.0,0.0,2369326,味美多蛋糕坊（太月园店）,0,10,0
1688,60,0,50769048,0.0,0.0,744629,圣思汀花店,0,2,0
1689,78,0,57289598,46.0,150.0,1145657,村上一屋日料寿司,0,1543,48
1690,32,0,70598740,7.0,0.0,1687912,潘师傅红烧肉,0,1,0
1691,56,0,77275834,0.0,0.0,489096,奶油小森（双井店）,0,28,0
1692,32,0,58207001,5.0,28.0,853493,聚点串吧（五道口店）,0,155,45
1693,56,0,75154099,3.0,0.0,1844386,Wuli花甲（五道口店）,0,257,45
1694,116,0,65671433,25.0,180.0,862102,虾蟹情,0,112,47
1695,60,0,68056862,0.0,0.0,1370466,草木时空鲜花,0,26,50
1696,34,0,50666929,6.0,20.0,436287,小厨小菜（中关村店）,0,5535,45
1697,88,0,67846538,39.0,0.0,1327728,红虾馆.小龙虾海鲜,0,782,42
1698,55,0,5650958,6.0,20.0,2321813,汪汪星萌宠物店,0,1,0
1699,54,0,74946833,3.0,20.0,2352156,全时便利店,0,27,0
1700,50,0,22276735,20.0,35.0,264126,张亮麻辣烫(志新桥店),0,970,46
1701,50,0,69286953,35.0,0.0,1802559,姐妹果业炒货精品,0,96,44
1702,30,0,4282712,6.0,20.0,463054,赛百味（清华附中店）,0,155,48
1703,36,0,79674504,6.0,0.0,2062316,子曰•温粮,0,359,45
1704,60,0,79434622,0.0,0.0,1251605,香格格鲜花馆（北京）,0,2,0
1705,30,0,76974838,3.0,0.0,2334922,薯小弟起司马铃薯（五道口店）,0,5,0
1706,51,0,18434371,46.0,0.0,727203,易达便利哈哈镜（机场店）,0,989,49
1707,35,0,48007467,6.0,0.0,162982,湘味木桶饭&煲仔饭,0,1145,45
1708,36,0,4107001,7.0,20.0,683299,粤味餐厅,1,291,47
1709,58,0,81817881,28.0,88.0,2116012,望京小腰-天天串吧,1,361,45
1710,35,0,48007467,6.0,0.0,162982,湘味木桶饭&煲仔饭,0,1145,45
1711,30,0,21819731,5.0,20.0,114733,U鼎冒菜（农大圣熙8号店）,0,1490,48
1712,78,0,76753703,39.0,0.0,1898514,成龙虾馆小龙虾海鲜,0,215,43
1713,127,0,32549656,20.0,100.0,532207,徐记潮汕砂锅粥,0,154,34
1714,56,0,83616095,9.0,40.0,788230,九隆铁板烧,0,0,0
1715,50,0,66186862,19.0,50.0,929850,都市网景3便利店,0,64,43
1716,56,0,69281315,45.0,98.0,1520527,安井（和义店）,0,5,0
1717,30,0,9005518,3.0,20.0,1879531,山西面食馆,0,139,36
1718,38,0,6112313,3.0,0.0,489029,四云奶盖贡茶（漾漾好）五道口店,0,2525,48
1719,67,0,58803926,8.0,80.0,887993,未名鲜果切,0,171,47
1720,55,0,76983824,3.0,20.0,2384721,虾吃虾涮（清华大学店）,0,6,0
1721,55,0,18359003,5.0,20.0,1634489,可C可D（鲜榨果汁）,0,3,0
1722,106,0,59432772,20.0,0.0,815340,鲜多多海鲜,0,79,47
1723,40,0,83521902,3.0,0.0,2170402,一品鲜砂锅,0,179,44
1724,50,0,48162367,50.0,140.0,511206,哈哈镜王老太配送站,0,75,50
1725,93,0,65801744,9.0,0.0,1901645,米莉米娅榴莲千层蛋糕,0,250,47
1726,56,0,56808082,0.0,0.0,2317971,米乐凤城蛋糕,0,21,50
1727,408,0,18443708,0.0,100.0,306190,21cake客蛋糕（北京站),0,321,48
1728,56,0,67365788,51.0,0.0,1607475,The Boiling Crab 大长腿（狂野美式海鲜）,0,23,0
1729,33,0,3157528,6.0,20.0,775576,一志寿司铁板烧（学院路店）,0,503,49
1730,50,0,69779503,13.0,88.0,1626817,满庭芳园全时便利店,0,345,48
1731,40,0,58670973,3.0,20.0,827318,哈啾汉堡炸鸡饭,1,1492,42
1732,82,0,65969267,12.0,65.0,901102,好食佬品质鲜果,1,74,49
1733,70,0,90371734,20.0,99.0,2261189,味侠麻辣小龙虾,1,313,47
1734,30,0,73503467,3.0,0.0,1788961,东林桂林米粉,1,0,0
1735,31,0,21107781,5.0,20.0,901047,炊二哥冒菜,0,6,0
1736,30,0,23063625,3.0,15.0,960733,小宝驴肉火烧黄焖鸡米饭,0,36,47
1737,60,0,77442745,0.0,0.0,792162,鸿金树花艺馆,0,26,0
1738,60,0,57745015,0.0,0.0,706212,玉霞喜婚庆鲜花,0,18,39
1739,38,0,75192053,6.0,0.0,1859825,比萨壮,0,158,47
1740,56,0,14901515,0.0,0.0,1533477,玛利欧西点,0,48,41
1741,30,0,511694,6.0,20.0,463027,赛百味（金码大厦店）,0,882,48
1742,94,0,75642835,46.0,150.0,1864149,村上一屋日料寿司（双井店）,0,1024,47
1743,168,0,19582578,0.0,0.0,401864,五谷膳食食疗&花草茶,0,132,48
1744,55,0,77298300,5.0,20.0,1966630,慧聚咖啡（中西式简餐）,0,7,0
1745,50,0,22175634,29.0,100.0,72724,沙家辣鸭脖,0,539,47
1746,43,0,75128356,7.0,20.0,2321897,继光香香鸡,0,58,47
1747,50,0,57773173,12.0,79.0,723413,24世纪华联超市,1,118,46
1748,64,0,14729780,5.0,30.0,861961,黄记煌三汁焖锅,1,0,0
